{"model":{"version":3,"nodes":[{"name":"RootNode","position":[0,0,0],"rotation":[0,0,0],"scale":[0.01,0.01,0.01],"scaleCompensation":false},{"name":"pCylinder5","position":[0,0,0],"rotation":[0,0,0],"scale":[3.18183,0.619,3.18183],"scaleCompensation":false},{"name":"polySurface45","position":[0,0,0],"rotation":[0,-0,0],"scale":[1,1,1],"scaleCompensation":false}],"parents":[-1,0,1],"skins":[],"morphs":[],"vertices":[{"position":{"type":"float32","components":3,"data":[-0.0810186,-1,0.77084,0.239515,1,0.73715,0.239515,-1,0.73715,-0.0810186,1,0.77084,-0.387543,-1,0.671244,-0.0810186,1,0.77084,-0.0810186,-1,0.77084,-0.387543,1,0.671244,-0.627058,-1,0.455584,-0.387543,1,0.671244,-0.387543,-1,0.671244,-0.627058,1,0.455584,-0.574372,-1.10331,0.892113,-0.197458,-0.571435,1.10804,-0.485881,-0.587389,1.01433,-0.0500263,-1.10197,1.05939,-0.483481,0.570809,1.01511,-0.574372,-1.10331,0.892113,-0.485881,-0.587389,1.01433,-0.574622,1.10217,0.889229,-0.195083,0.587794,1.10882,-0.0500263,-1.10197,1.05939,-0.0518873,1.1031,1.06157,-0.197458,-0.571435,1.10804,-0.0518873,1.1031,1.06157,-0.574622,1.10217,0.889229,-0.195083,0.587794,1.10882,-0.483481,0.570809,1.01511,-0.809017,-1,0.587787,-0.809017,1,0.587787,-0.483481,0.570809,1.01511,-0.197458,-0.571435,1.10804,-0.195083,0.587794,1.10882,-0.485881,-0.587389,1.01433,-0.0518873,1.1031,1.06157,-0.0500263,-1.10197,1.05939,0.309017,1,0.951057,0.309017,-1,0.951057,-0.387543,-1,0.671244,-0.809017,-1,0.587787,-0.627058,-1,0.455584,-0.574372,-1.10331,0.892113,-0.0810186,-1,0.77084,-0.0500263,-1.10197,1.05939,0.239515,-1,0.73715,0.309017,-1,0.951057,-0.627058,1,0.455584,-0.574622,1.10217,0.889229,-0.387543,1,0.671244,-0.809017,1,0.587787,-0.0518873,1.1031,1.06157,-0.0810186,1,0.77084,0.239515,1,0.73715,0.309017,1,0.951057,0.239515,-1,0.73715,0.239515,1,0.73715,0.309017,-1,0.951057,0.309017,1,0.951057,-0.809017,-1,0.587787,-0.809017,1,0.587787,-0.627058,-1,0.455584,-0.627058,1,0.455584]},"normal":{"type":"float32","components":3,"data":[-0.104528,-2.88962e-09,-0.994522,-0.104528,-2.88962e-09,-0.994522,-0.104528,-2.88962e-09,-0.994522,-0.104528,-2.88962e-09,-0.994522,0.309017,2.02274e-08,-0.951056,0.309017,2.02274e-08,-0.951056,0.309017,2.02274e-08,-0.951056,0.309017,2.02274e-08,-0.951056,0.66913,3.35157e-08,-0.743145,0.66913,3.35157e-08,-0.743145,0.66913,3.35157e-08,-0.743145,0.66913,3.35157e-08,-0.743145,-0.298003,-0.170149,0.939278,-0.298003,-0.170149,0.939278,-0.298003,-0.170149,0.939278,-0.298003,-0.170149,0.939278,-0.809951,0.000884478,0.586497,-0.79197,0.000406309,0.610559,-0.809951,0.000884478,0.586497,-0.791958,0.000405983,0.610576,0.313308,-0.000878987,0.949651,0.292325,-0.000399461,0.956319,0.29234,-0.000399789,0.956314,0.313308,-0.000878988,0.949651,-0.310504,0.170136,0.935222,-0.310504,0.170136,0.935222,-0.310504,0.170136,0.935222,-0.310504,0.170136,0.935222,-0.790687,0.000372878,0.61222,-0.790687,0.000372878,0.61222,-0.30902,4.16666e-08,0.951055,-0.30902,4.16666e-08,0.951055,-0.30902,4.16666e-08,0.951056,-0.30902,4.16666e-08,0.951055,0.29234,-0.000399789,0.956314,0.292325,-0.000399461,0.956319,0.290838,-0.000365584,0.956772,0.290838,-0.000365584,0.956772,0.0868834,-0.949337,-0.30201,0.0466065,-0.970787,-0.235371,0.0466065,-0.970787,-0.235371,0.0828008,-0.951809,-0.295302,0.107479,-0.948998,-0.296397,0.106608,-0.952157,-0.286413,0.100323,-0.970975,-0.217124,0.100323,-0.970975,-0.217124,0.0464145,0.971031,-0.234402,0.0826157,0.951933,-0.294956,0.0868963,0.94932,-0.30206,0.0464145,0.971031,-0.234402,0.106665,0.952035,-0.286796,0.107454,0.949019,-0.296339,0.100737,0.970731,-0.21802,0.100737,0.970731,-0.21802,0.951057,1.65632e-08,-0.309017,0.951057,1.65632e-08,-0.309017,0.951057,1.65632e-08,-0.309017,0.951057,1.65632e-08,-0.309017,-0.587789,0,-0.809014,-0.587789,0,-0.809014,-0.587789,0,-0.809014,-0.587789,0,-0.809014]},"texCoord0":{"type":"float32","components":2,"data":[0.483667,0.311644,0.548284,0.695147,0.548284,0.304853,0.483667,0.688356,0.421875,0.291566,0.483667,0.688356,0.483667,0.311644,0.421875,0.708434,0.373591,0.248091,0.421875,0.708434,0.421875,0.291566,0.373591,0.751909,0.525,0.318279,0.538611,0.406345,0.52796,0.403718,0.541406,0.318383,0.528049,0.594491,0.521921,0.314716,0.52796,0.403718,0.521828,0.686441,0.538699,0.597289,0.541406,0.318383,0.541667,0.682623,0.538611,0.406345,0.541667,0.682623,0.525259,0.682593,0.538699,0.597289,0.528049,0.594491,0.440962,0.280296,0.440962,0.720174,0.528049,0.594491,0.538611,0.406345,0.538699,0.597289,0.52796,0.403718,0.5448,0.686272,0.544893,0.314456,0.553309,0.691794,0.553309,0.308676,0.421875,0.291566,0.440962,0.280296,0.373591,0.248091,0.415434,0.285767,0.483667,0.311644,0.492835,0.31068,0.548284,0.304853,0.553309,0.308676,0.373591,0.751909,0.415241,0.714406,0.421875,0.708434,0.440962,0.720174,0.492572,0.689292,0.483667,0.688356,0.548284,0.695147,0.553309,0.691794,0.548284,0.304853,0.548284,0.695147,0.553309,0.308676,0.553309,0.691794,0.440962,0.280296,0.440962,0.720174,0.373591,0.248091,0.373591,0.751909]}}],"meshes":[{"aabb":{"min":[-0.809017,-1.10331,0.455584],"max":[0.309017,1.1031,1.10882]},"vertices":0,"indices":[0,1,2,1,0,3,4,5,6,5,4,7,8,9,10,9,8,11,12,13,14,13,12,15,16,17,18,19,17,16,20,21,22,21,20,23,24,25,26,25,27,26,19,28,17,28,19,29,30,31,32,31,30,33,34,35,36,36,35,37,38,39,40,39,38,41,41,42,43,42,41,38,43,44,45,44,43,42,46,47,48,47,46,49,47,50,51,47,51,48,52,50,53,50,52,51,54,55,56,57,56,55,58,59,60,60,59,61],"type":"triangles","base":0,"count":108}],"meshInstances":[{"node":2,"mesh":0}]}}