{"model":{"version":3,"nodes":[{"name":"RootNode","position":[0,0,0],"rotation":[0,0,0],"scale":[0.01,0.01,0.01],"scaleCompensation":false},{"name":"pCube1","position":[0,0,0],"rotation":[0,0,0],"scale":[3.87352,1.02824,3.87352],"scaleCompensation":false},{"name":"polySurface35","position":[0,0,0],"rotation":[0,-0,0],"scale":[1,1,1],"scaleCompensation":false}],"parents":[-1,0,1],"skins":[],"morphs":[],"vertices":[{"position":{"type":"float32","components":3,"data":[0.724678,-0.5,-0.724678,-0.724678,-0.5,-0.724678,-0.724678,0.5,-0.724678,0.724678,0.5,-0.724678,0.5,0.5,-0.5,-0.5,0.5,-0.5,0.5,-0.5,-0.5,-0.5,-0.5,-0.5,0.724678,0.5,-0.724678,-0.5,0.5,-0.5,0.5,0.5,-0.5,-0.724678,0.5,-0.724678,-0.724678,-0.5,-0.724678,0.5,-0.5,-0.5,-0.5,-0.5,-0.5,0.724678,-0.5,-0.724678,0.5,-0.5,-0.5,0.724678,0.5,-0.724678,0.5,0.5,-0.5,0.724678,-0.5,-0.724678,-0.724678,0.5,-0.724678,-0.724678,-0.5,-0.724678,-0.5,0.5,-0.5,-0.5,-0.5,-0.5]},"normal":{"type":"float32","components":3,"data":[0,0,-1,0,0,-1,0,0,-1,0,0,-1,0,0,1,0,0,1,0,0,1,0,0,1,0,1,5.41549e-08,0,1,5.41549e-08,0,1,5.41549e-08,0,1,5.41549e-08,0,-1,5.41549e-08,0,-1,5.41549e-08,0,-1,5.41549e-08,0,-1,5.41549e-08,0.707107,0,0.707107,0.707107,0,0.707107,0.707107,0,0.707107,0.707107,0,0.707107,-0.707107,0,0.707107,-0.707107,0,0.707107,-0.707107,0,0.707107,-0.707107,0,0.707107]},"texCoord0":{"type":"float32","components":2,"data":[0.625,0.75,0.375,0.75,0.375,0.5,0.625,0.5,0.625,0.5,0.375,0.5,0.625,0.75,0.375,0.75,0.625,0.5,0.375,0.5,0.625,0.5,0.375,0.5,0.375,0.75,0.625,0.75,0.375,0.75,0.625,0.75,0.625,0.75,0.625,0.5,0.625,0.5,0.625,0.75,0.375,0.5,0.375,0.75,0.375,0.5,0.375,0.75]}}],"meshes":[{"aabb":{"min":[-0.724678,-0.5,-0.724678],"max":[0.724678,0.5,-0.5]},"vertices":0,"indices":[0,1,2,0,2,3,4,5,6,5,7,6,8,9,10,9,8,11,12,13,14,13,12,15,16,17,18,17,16,19,20,21,22,22,21,23],"type":"triangles","base":0,"count":36}],"meshInstances":[{"node":2,"mesh":0}]}}