{"model":{"version":3,"nodes":[{"name":"RootNode","position":[0,0,0],"rotation":[0,0,0],"scale":[0.0254,0.0254,0.0254],"scaleCompensation":false},{"name":"2","position":[0,0,0],"rotation":[7.62939e-06,0,0],"scale":[1,1,1],"scaleCompensation":false}],"parents":[-1,0],"skins":[],"morphs":[],"vertices":[{"position":{"type":"float32","components":3,"data":[9.64567,-9.84252,9.64567,-9.64567,-9.84252,9.64567,-9.64567,-9.84252,-9.64567,9.64567,-9.84252,-9.64567,9.84252,9.64567,9.64567,9.84252,-9.64567,9.64567,9.84252,-9.64567,-9.64567,9.84252,9.64567,-9.64567,-9.64567,9.84252,9.64567,9.64567,9.84252,9.64567,9.64567,9.84252,-9.64567,-9.64567,9.84252,-9.64567,-9.84252,-9.64567,9.64567,-9.84252,9.64567,9.64567,-9.84252,9.64567,-9.64567,-9.84252,-9.64567,-9.64567,-9.70333,-9.70333,-9.84252,-9.70333,9.70333,-9.84252,-6.99081,6.99081,-9.84252,-6.99081,-6.99081,-9.84252,9.70333,9.70333,-9.84252,6.99081,6.99081,-9.84252,9.70333,-9.70333,-9.84252,6.99081,-6.99081,-9.84252,-9.70333,-9.70333,9.84252,9.70333,-9.70333,9.84252,6.99081,-6.99081,9.84252,-6.99081,-6.99081,9.84252,9.70333,9.70333,9.84252,6.99081,6.99081,9.84252,-6.99081,6.99081,9.84252,-9.70333,9.70333,9.84252,-6.86937,6.69764,9.64567,-6.86937,-6.69764,9.64567,-6.86937,-6.69764,-9.64567,-6.86937,6.69764,-9.64567,6.69764,6.86937,9.64567,-6.69764,6.86937,9.64567,-6.69764,6.86937,-9.64567,6.69764,6.86937,-9.64567,6.86937,-6.69764,9.64567,6.86937,6.69764,9.64567,6.86937,6.69764,-9.64567,6.86937,-6.69764,-9.64567,-6.69764,-6.86937,9.64567,6.69764,-6.86937,9.64567,6.69764,-6.86937,-9.64567,-6.69764,-6.86937,-9.64567,-9.64567,-9.84252,-9.64567,-9.84252,-9.64567,-9.64567,-9.70333,-9.70333,-9.84252,9.70333,-9.70333,-9.84252,9.84252,-9.64567,-9.64567,9.64567,-9.84252,-9.64567,-9.84252,9.64567,-9.64567,-9.64567,9.84252,-9.64567,-9.70333,9.70333,-9.84252,9.70333,9.70333,-9.84252,9.64567,9.84252,-9.64567,9.84252,9.64567,-9.64567,-9.64567,-9.84252,9.64567,-9.70333,-9.70333,9.84252,-9.84252,-9.64567,9.64567,9.84252,-9.64567,9.64567,9.70333,-9.70333,9.84252,9.64567,-9.84252,9.64567,-9.84252,9.64567,9.64567,-9.70333,9.70333,9.84252,-9.64567,9.84252,9.64567,9.64567,9.84252,9.64567,9.70333,9.70333,9.84252,9.84252,9.64567,9.64567,-6.99081,-6.99081,-9.84252,-6.86937,-6.69764,-9.64567,-6.69764,-6.86937,-9.64567,-6.99081,6.99081,-9.84252,-6.69764,6.86937,-9.64567,-6.86937,6.69764,-9.64567,6.99081,6.99081,-9.84252,6.86937,6.69764,-9.64567,6.69764,6.86937,-9.64567,6.99081,-6.99081,-9.84252,6.69764,-6.86937,-9.64567,6.86937,-6.69764,-9.64567,-6.99081,-6.99081,9.84252,-6.69764,-6.86937,9.64567,-6.86937,-6.69764,9.64567,6.99081,-6.99081,9.84252,6.86937,-6.69764,9.64567,6.69764,-6.86937,9.64567,6.99081,6.99081,9.84252,6.69764,6.86937,9.64567,6.86937,6.69764,9.64567,-6.99081,6.99081,9.84252,-6.86937,6.69764,9.64567,-6.69764,6.86937,9.64567,-9.70333,-9.70333,-9.84252,-9.84252,9.64567,-9.64567,-9.70333,9.70333,-9.84252,-9.84252,-9.64567,-9.64567,-9.70333,9.70333,-9.84252,9.64567,9.84252,-9.64567,9.70333,9.70333,-9.84252,-9.64567,9.84252,-9.64567,9.70333,9.70333,-9.84252,9.84252,-9.64567,-9.64567,9.70333,-9.70333,-9.84252,9.84252,9.64567,-9.64567,9.70333,-9.70333,-9.84252,-9.64567,-9.84252,-9.64567,-9.70333,-9.70333,-9.84252,9.64567,-9.84252,-9.64567,-9.64567,-9.84252,9.64567,9.64567,-9.84252,9.64567,-9.70333,-9.70333,9.84252,9.70333,-9.70333,9.84252,9.84252,-9.64567,9.64567,9.84252,9.64567,9.64567,9.70333,-9.70333,9.84252,9.70333,9.70333,9.84252,9.64567,9.84252,9.64567,-9.64567,9.84252,9.64567,9.70333,9.70333,9.84252,-9.70333,9.70333,9.84252,-9.84252,9.64567,9.64567,-9.84252,-9.64567,9.64567,-9.70333,9.70333,9.84252,-9.70333,-9.70333,9.84252,9.64567,-9.84252,9.64567,9.64567,-9.84252,-9.64567,9.84252,-9.64567,-9.64567,-9.84252,-9.64567,9.64567,-9.84252,-9.64567,-9.64567,-9.64567,-9.84252,9.64567,-9.64567,-9.84252,-9.64567,9.84252,9.64567,9.64567,9.84252,9.64567,-9.64567,9.64567,9.84252,-9.64567,-9.64567,9.84252,9.64567,-9.64567,9.84252,-9.64567,-6.86937,-6.69764,-9.64567,-6.99081,6.99081,-9.84252,-6.86937,6.69764,-9.64567,-6.99081,-6.99081,-9.84252,-6.69764,6.86937,-9.64567,6.99081,6.99081,-9.84252,6.69764,6.86937,-9.64567,-6.99081,6.99081,-9.84252,6.86937,6.69764,-9.64567,6.99081,-6.99081,-9.84252,6.86937,-6.69764,-9.64567,6.99081,6.99081,-9.84252,6.69764,-6.86937,-9.64567,-6.99081,-6.99081,-9.84252,-6.69764,-6.86937,-9.64567,6.99081,-6.99081,-9.84252,-6.69764,-6.86937,9.64567,6.99081,-6.99081,9.84252,6.69764,-6.86937,9.64567,-6.99081,-6.99081,9.84252,6.86937,-6.69764,9.64567,6.99081,6.99081,9.84252,6.86937,6.69764,9.64567,6.99081,-6.99081,9.84252,6.69764,6.86937,9.64567,-6.99081,6.99081,9.84252,-6.69764,6.86937,9.64567,6.99081,6.99081,9.84252,-6.86937,-6.69764,9.64567,-6.99081,6.99081,9.84252,-6.99081,-6.99081,9.84252,-6.86937,6.69764,9.64567,-6.69764,-6.86937,9.64567,-6.69764,-6.86937,-9.64567,-6.86937,-6.69764,9.64567,-6.86937,-6.69764,-9.64567,-6.86937,6.69764,9.64567,-6.86937,6.69764,-9.64567,-6.69764,6.86937,9.64567,-6.69764,6.86937,-9.64567,6.69764,6.86937,9.64567,6.69764,6.86937,-9.64567,6.86937,6.69764,9.64567,6.86937,6.69764,-9.64567,6.86937,-6.69764,9.64567,6.86937,-6.69764,-9.64567,6.69764,-6.86937,9.64567,6.69764,-6.86937,-9.64567]},"normal":{"type":"float32","components":3,