{"model":{"version":3,"nodes":[{"name":"RootNode","position":[0,0,0],"rotation":[0,0,0],"scale":[0.01,0.01,0.01],"scaleCompensation":false},{"name":"pCylinder1","position":[0,0,0],"rotation":[0,0,0],"scale":[3.11745,0.523845,3.11745],"scaleCompensation":false},{"name":"polySurface37","position":[0,0,0],"rotation":[0,-0,0],"scale":[1,1,1],"scaleCompensation":false}],"parents":[-1,0,1],"skins":[],"morphs":[],"vertices":[{"position":{"type":"float32","components":3,"data":[-1,0.999999,-2.38419e-07,-0.939692,-0.999999,-0.34202,-1,-0.999999,-2.38419e-07,-0.939692,0.999999,-0.34202,-0.939693,0.999999,0.34202,-0.939693,-0.999999,0.34202,-0.766045,0.999999,0.642787,-0.766045,-0.999999,0.642787,-0.5,0.999999,0.866025,-0.5,-0.999999,0.866025,-0.173648,0.999999,0.984808,-0.173648,-0.999999,0.984808,0.173648,0.999999,0.984808,0.173648,-0.999999,0.984808,-1,-0.999999,-2.38419e-07,-0.939692,-0.999999,-0.34202,-0.664221,-0.999999,-0.241757,-0.706849,-0.999999,-1.71883e-07,-0.664221,-0.999999,0.241757,-0.939693,-0.999999,0.34202,-0.766045,-0.999999,0.642787,-0.541478,-0.999999,0.454354,-0.353425,-0.999999,0.612149,-0.5,-0.999999,0.866025,-0.173648,-0.999999,0.984808,-0.122743,-0.999999,0.69611,0.173648,-0.999999,0.984808,0.122743,-0.999999,0.69611,-1,0.999999,-2.38419e-07,-0.664221,0.999999,-0.241757,-0.939692,0.999999,-0.34202,-0.706849,0.999999,-1.71883e-07,-0.664221,0.999999,0.241757,-0.939693,0.999999,0.34202,-0.766045,0.999999,0.642787,-0.541478,0.999999,0.454354,-0.353425,0.999999,0.612149,-0.5,0.999999,0.866025,-0.173648,0.999999,0.984808,-0.122743,0.999999,0.69611,0.173648,0.999999,0.984808,0.122743,0.999999,0.69611,-0.122743,-0.999999,0.69611,-0.122743,0.999999,0.69611,0.122743,-0.999999,0.69611,0.122743,0.999999,0.69611,-0.353425,-0.999999,0.612149,-0.353425,0.999999,0.612149,-0.122743,-0.999999,0.69611,-0.122743,0.999999,0.69611,-0.541478,0.999999,0.454354,-0.353425,-0.999999,0.612149,-0.541478,-0.999999,0.454354,-0.353425,0.999999,0.612149,-0.664221,-0.999999,0.241757,-0.664221,0.999999,0.241757,-0.541478,-0.999999,0.454354,-0.541478,0.999999,0.454354,-0.706849,-0.999999,-1.71883e-07,-0.706849,0.999999,-1.71883e-07,-0.664221,-0.999999,0.241757,-0.664221,0.999999,0.241757,-0.664221,-0.999999,-0.241757,-0.664221,0.999999,-0.241757,-0.706849,-0.999999,-1.71883e-07,-0.706849,0.999999,-1.71883e-07,0.122743,-0.999999,0.69611,0.122743,0.999999,0.69611,0.173648,-0.999999,0.984808,0.173648,0.999999,0.984808,-0.939692,-0.999999,-0.34202,-0.939692,0.999999,-0.34202,-0.664221,-0.999999,-0.241757,-0.664221,0.999999,-0.241757]},"normal":{"type":"float32","components":3,"data":[-1,0,-2.63495e-07,-0.984808,0,-0.173648,-1,0,-2.63495e-07,-0.984808,0,-0.173648,-0.939693,0,0.34202,-0.939693,0,0.34202,-0.766045,0,0.642787,-0.766045,0,0.642787,-0.5,0,0.866025,-0.5,0,0.866025,-0.173648,0,0.984808,-0.173648,0,0.984808,-1.71625e-07,0,1,-1.71625e-07,0,1,0,-1,0,0,-1,0,0,-1,0,0,-1,0,0,-1,0,0,-1,0,0,-1,0,0,-1,0,0,-1,1.52377e-07,0,-1,1.52377e-07,0,-1,2.61218e-07,0,-1,2.61218e-07,0,-1,2.17682e-07,0,-1,2.17682e-07,0,1,0,0,1,0,0,1,0,0,1,0,0,1,0,0,1,0,0,1,8.70727e-08,0,1,8.70727e-08,0,1,1.74145e-07,0,1,1.74145e-07,0,1,1.95914e-07,0,1,1.95914e-07,0,1,2.17682e-07,0,1,2.17682e-07,0,0,-1,0,0,-1,0,0,-1,0,0,-1,0.342021,0,-0.939692,0.342021,0,-0.939692,0.342021,0,-0.939692,0.342021,0,-0.939692,0.642788,0,-0.766044,0.642788,0,-0.766044,0.642788,0,-0.766044,0.642788,0,-0.766044,0.866025,0,-0.5,0.866025,0,-0.5,0.866025,0,-0.5,0.866025,0,-0.5,0.984808,0,-0.173648,0.984808,0,-0.173648,0.984808,0,-0.173648,0.984808,0,-0.173648,0.984808,0,0.173648,0.984808,0,0.173648,0.984808,0,0.173648,0.984808,0,0.173648,0.984808,0,-0.173648,0.984808,0,-0.173648,0.984808,0,-0.173648,0.984808,0,-0.173648,0.34202,0,-0.939693,0.34202,0,-0.939693,0.34202,0,-0.939693,0.34202,0,-0.939693]},"texCoord0":{"type":"float32","components":2,"data":[0.486111,0.68844,0.412698,0.207655,0.486111,0.3125,0.412698,0.792815,0.5,0.68844,0.5,0.3125,0.513889,0.68844,0.513889,0.3125,0.527778,0.68844,0.527778,0.3125,0.541667,0.68844,0.541667,0.3125,0.541344,0.689157,0.541344,0.311313,0.34375,0.15625,0.412698,0.207655,0.353173,0.102809,0.34375,0.15625,0.353173,0.209691,0.353173,0.209691,0.380306,0.256686,0.380306,0.256686,0.421875,0.291566,0.421875,0.291566,0.472867,0.310126,0.472867,0.310126,0.541344,0.311313,0.527133,0.310126,0.34375,0.84375,0.353173,0.897191,0.412698,0.792815,0.34375,0.84375,0.353173,0.790309,0.353173,0.790309,0.380306,0.743315,0.380306,0.743315,0.421875,0.708434,0.421875,0.708434,0.472867,0.689874,0.472867,0.689874,0.541344,0.689157,0.527133,0.689874,0.472867,0.310126,0.472867,0.689874,0.527133,0.310126,0.527133,0.689874,0.421875,0.291566,0.421875,0.708434,0.472867,0.310126,0.472867,0.689874,0.380306,0.743315,0.421875,0.291566,0.380306,0.256686,0.421875,0.708434,0.353173,0.209691,0.353173,0.790309,0.380306,0.256686,0.380306,0.743315,0.34375,0.15625,0.34375,0.84375,0.353173,0.209691,0.353173,0.790309,0.353173,0.102809,0.353173,0.897191,0.34375,0.15625,0.34375,0.84375,0.527133,0.310126,0.527133,0.689874,0.541344,0.311313,0.541344,0.689157,0.412698,0.207655,0.412698,0.792815,0.353173,0.102809,0.353173,0.897191]}}],"meshes":[{"aabb":{"min":[-1,-0.999999,-0.34202],"max":[0.173648,0.999999,0.984808]},"vertices":0,"indices":[0,1,2,1,0,3,4,2,5,2,4,0,6,5,7,5,6,4,6,7,8,8,7,9,8,9,10,10,9,11,10,11,12,12,11,13,14,15,16,14,16,17,18,14,17,14,18,19,20,19,18,20,18,21,22,20,21,20,22,23,22,24,23,24,22,25,25,26,24,26,25,27,28,29,30,29,28,31,28,32,31,32,28,33,34,32,33,32,34,35,35,34,36,34,37,36,38,36,37,36,38,39,40,39,38,39,40,41,42,43,44,44,43,45,46,47,48,48,47,49,50,51,52,51,50,53,54,55,56,57,56,55,58,59,60,61,60,59,62,63,64,65,64,63,66,67,68,69,68,67,70,71,72,72,71,73],"type":"triangles","base":0,"count":156}],"meshInstances":[{"node":2,"mesh":0}]}}