{"model":{"version":3,"nodes":[{"name":"RootNode","position":[0,0,0],"rotation":[0,0,0],"scale":[0.01,0.01,0.01],"scaleCompensation":false},{"name":"ring12345:pPipe7","position":[-5.56605,0,0],"rotation":[0,0,0],"scale":[1.68086,0.294704,1.68086],"scaleCompensation":false},{"name":"ring12345:polySurface18","position":[0,0,0],"rotation":[0,-0,0],"scale":[1,1,1],"scaleCompensation":false}],"parents":[-1,0,1],"skins":[],"morphs":[],"vertices":[{"position":{"type":"float32","components":3,"data":[2.57378,-1.66547,0.69572,2.00587,-1.66547,0.753761,2.52171,-1.66547,0.455941,1.98742,-1.66547,0.969104,2.52171,-1.66547,0.455941,2.52171,1.66547,0.455941,2.57378,-1.66547,0.69572,2.57378,1.66547,0.69572,2.52171,1.66547,0.455941,2.00587,1.66547,0.753761,2.57378,1.66547,0.69572,1.98742,1.66547,0.969104,2.00587,1.66547,0.753761,1.98742,-1.66547,0.969104,1.98742,1.66547,0.969104,2.00587,-1.66547,0.753761,3.07774,-1.66547,0.986679,3.31143,1.66547,0.911881,3.31143,-1.66547,0.911881,3.07774,1.66547,0.986679,3.07774,1.66547,0.986679,3.13416,1.66547,1.63118,3.31143,1.66547,1.50752,3.31143,1.66547,0.911881,3.31143,1.66547,1.50752,3.13416,-1.66547,1.63118,3.31143,-1.66547,1.50752,3.13416,1.66547,1.63118,3.13416,-1.66547,1.63118,3.07774,-1.66547,0.986679,3.31143,-1.66547,1.50752,3.31143,-1.66547,0.911881,2.57378,-1.66547,0.69572,2.57378,1.66547,0.69572,2.78996,-1.66547,0.786829,2.78996,1.66547,0.786829,2.89074,1.66547,0.845014,3.07774,-1.66547,0.986679,2.89074,-1.66547,0.845014,3.07774,1.66547,0.986679,2.56131,1.66547,1.21097,2.78996,1.66547,0.786829,2.63776,1.66547,1.25511,2.89074,1.66547,0.845014,1.98742,1.66547,0.969104,1.98742,-1.66547,0.969104,2.56131,1.66547,1.21097,2.56131,-1.66547,1.21097,2.63776,1.66547,1.25511,3.13416,-1.66547,1.63118,3.13416,1.66547,1.63118,2.63776,-1.66547,1.25511,2.56131,-1.66547,1.21097,2.78996,-1.66547,0.786829,2.63776,-1.66547,1.25511,2.89074,-1.66547,0.845014,2.81819,-1.66547,0.854313,2.5646,-1.66547,1.29354,2.81819,-1.66547,0.854313,2.81819,1.66547,0.854313,2.81819,1.66547,0.854313,2.5646,1.66547,1.29354,2.5646,1.66547,1.29354,2.5646,-1.66547,1.29354,2.00587,1.66547,0.753761,2.52171,-1.66547,0.455941,2.00587,-1.66547,0.753761,2.52171,1.66547,0.455941,3.31143,-1.66547,1.50752,3.31143,1.66547,0.911881,3.31143,1.66547,1.50752,3.31143,-1.66547,0.911881]},"normal":{"type":"float32","components":3,"data":[-3.40695e-06,-1,6.61773e-06,-9.75134e-06,-1,-4.96383e-06,-9.75134e-06,-1,-4.96384e-06,-4.47798e-06,-1,4.66258e-06,0.977225,0,-0.212205,0.977225,0,-0.212205,0.977225,0,-0.212205,0.977225,0,-0.212205,-9.80448e-06,1,-5.49312e-06,-9.80448e-06,1,-5.49312e-06,-3.1889e-06,1,6.63735e-06,-4.30572e-06,1,4.58954e-06,-0.996347,0,-0.0853963,-0.996347,0,-0.0853963,-0.996347,0,-0.0853963,-0.996347,0,-0.0853963,-0.30484,0,-0.952404,-0.30484,0,-0.952404,-0.30484,0,-0.952404,-0.30484,0,-0.952404,-4.20174e-06,1,5.99117e-06,-1.85167e-06,1,5.94574e-06,9.71928e-06,1,5.72201e-06,9.71928e-06,1,5.72201e-06,0.57213,0,0.820163,0.57213,0,0.820163,0.57213,0,0.820163,0.57213,0,0.820163,-1.84932e-06,-1,6.18323e-06,-4.10206e-06,-1,6.24204e-06,9.24243e-06,-1,5.89367e-06,9.24243e-06,-1,5.89367e-06,0.388365,0,-0.921506,0.388365,0,-0.921506,0.544334,0,-0.838869,0.544334,0,-0.838869,0.454315,0,-0.890841,0.603866,0,-0.797086,0.454315,0,-0.890841,0.603866,0,-0.797086,-4.14955e-06,1,1.00295e-05,-1.73554e-06,1,1.15063e-05,-6.64188e-06,1,8.38973e-06,-9.16808e-06,1,7.09278e-06,-0.388364,0,0.921506,-0.388364,0,0.921506,-0.489997,0,0.871724,-0.489996,0,0.871724,-0.509937,0,0.860212,-0.603865,0,0.797086,-0.603865,0,0.797086,-0.509937,0,0.860212,-4.25191e-06,-1,9.97649e-06,-1.98053e-06,-1,1.13177e-05,-6.49046e-06,-1,8.44277e-06,-8.88382e-06,-1,7.28137e-06,-4.80872e-06,-1,8.38038e-06,-4.80878e-06,-1,8.38034e-06,0.499998,0,-0.866027,0.499998,0,-0.866027,-4.87835e-06,1,8.38039e-06,-4.87842e-06,1,8.38036e-06,-0.500002,0,0.866025,-0.500002,0,0.866025,-0.5,0,-0.866025,-0.5,0,-0.866025,-0.5,0,-0.866025,-0.5,0,-0.866025,1,0,0,1,0,0,1,0,0,1,0,0]},"texCoord0":{"type":"float32","components":2,"data":[0.624996,0,0.583333,0.25,0.572918,0.496561,0.604165,0.25,0.572918,0.496561,0.583333,0.75,0.583333,0.986244,0.624996,0.75,0.583333,0.75,0.583333,0.5,0.624996,0.75,0.604165,0.5,0.583333,0.5,0.604165,0.25,0.604165,0.5,0.583333,0.25,0.708338,1,0.75,0.75,0.739584,0.496561,0.708337,0.75,0.708337,0.75,0.729169,0.5,0.75,0.5,0.75,0.75,0.75,0.5,0.729169,0.25,0.75,0.25,0.729169,0.5,0.729169,0.25,0.708337,1.14507e-08,0.75,0.25,0.739584,0.496561,0.624996,1,0.624996,0.75,0.658333,1,0.658333,0.75,0.675,0.75,0.708338,1,0.675,0.999999,0.708337,0.75,0.6625,0.5,0.658333,0.75,0.670833,0.5,0.675,0.75,0.604165,0.5,0.604165,0.25,0.6625,0.5,0.6625,0.25,0.670833,0.5,0.729169,0.25,0.729169,0.5,0.670833,0.25,0.6625,0.25,0.658333,1.18387e-08,0.670833,0.25,0.675,2.28991e-09,0.666667,0,0.666667,0.25,0.666667,1,0.666667,0.75,0.666667,0.75,0.666667,0.5,0.666667,0.5,0.666667,0.25,0.583333,0.5,0.572918,0.496561,0.583333,0.25,0.583333,0.75,0.75,0.25,0.75,0.75,0.75,0.5,0.739584,0.496561]}}],"meshes":[{"aabb":{"min":[1.98742,-1.66547,0.455941],"max":[3.31143,1.66547,1.63118]},"vertices":0,"indices":[0,1,2,0,3,1,4,5,6,7,6,5,8,9,10,11,10,9,12,13,14,13,12,15,16,17,18,17,16,19,20,21,22,22,23,20,24,25,26,25,24,27,28,29,30,30,29,31,32,33,34,34,33,35,36,37,38,37,36,39,10,40,41,40,10,11,42,20,43,42,21,20,44,45,46,46,45,47,48,49,50,49,48,51,52,3,0,52,0,53,29,54,55,54,29,28,56,52,53,52,56,57,55,54,56,57,56,54,58,59,38,38,59,36,34,35,58,59,58,35,42,60,61,60,42,43,41,40,60,61,60,40,62,63,48,48,63,51,46,63,62,63,46,47,64,65,66,65,64,67,68,69,70,69,68,71],"type":"triangles","base":0,"count":156}],"meshInstances":[{"node":2,"mesh":0}]}}