{"model":{"version":3,"nodes":[{"name":"RootNode","position":[0,0,0],"rotation":[0,0,0],"scale":[0.01,0.01,0.01],"scaleCompensation":false},{"name":"pCube1","position":[0,0,0],"rotation":[0,0,0],"scale":[2.01728,2.01728,2.01728],"scaleCompensation":false}],"parents":[-1,0],"skins":[],"morphs":[],"vertices":[{"position":{"type":"float32","components":3,"data":[-0.050045,-0.5,0.050045,-0.5,-0.050045,0.050045,-0.5,-0.050045,-0.050045,-0.050045,-0.5,-0.050045,0.050045,-0.5,0.050045,0.050045,-0.050045,0.5,-0.050045,-0.050045,0.5,-0.050045,-0.5,0.050045,-0.050045,0.050045,0.5,-0.5,0.050045,0.050045,-0.5,-0.050045,0.050045,-0.050045,-0.050045,0.5,0.050045,-0.5,-0.050045,0.5,-0.050045,0.050045,0.050045,-0.5,0.050045,0.5,-0.050045,-0.050045,0.5,0.050045,0.050045,0.050045,0.050045,0.5,0.050045,-0.050045,0.5,0.5,-0.050045,0.050045,-0.050045,0.5,-0.050045,-0.5,0.050045,0.050045,-0.050045,0.5,0.050045,-0.5,0.050045,-0.050045,0.050045,0.050045,0.5,-0.050045,0.5,0.050045,-0.050045,0.050045,0.5,0.050045,0.5,0.050045,0.050045,0.5,0.050045,0.5,0.050045,0.050045,0.5,0.050045,-0.050045,0.050045,0.5,-0.050045,-0.050045,-0.050045,-0.5,-0.5,-0.050045,-0.050045,-0.5,0.050045,-0.050045,-0.050045,0.050045,-0.5,0.050045,0.5,-0.050045,-0.050045,0.050045,-0.5,-0.050045,0.5,-0.050045,0.050045,0.050045,-0.5,0.5,-0.050045,-0.050045,0.050045,-0.050045,-0.5,0.050045,0.050045,-0.5,0.5,0.050045,-0.050045,0.050045,-0.050045,-0.5,0.050045,-0.5,-0.050045,-0.050045,-0.5,-0.050045,-0.050045,-0.050045,-0.5,0.050045,0.050045,0.5,-0.050045,0.050045,0.5,-0.050045,-0.050045,0.5,0.050045,-0.050045,0.5,0.050045,0.5,-0.050045,-0.050045,0.5,0.050045,0.050045,0.5,0.050045,-0.050045,0.5,-0.050045,0.050045,-0.050045,-0.5,-0.050045,-0.050045,-0.5,-0.050045,0.050045,-0.5,0.050045,0.050045,-0.5,0.050045,-0.5,0.050045,-0.050045,-0.5,0.050045,-0.050045,-0.5,-0.050045,0.050045,-0.5,-0.050045,0.5,0.050045,0.050045,0.5,-0.050045,0.050045,0.5,0.050045,-0.050045,0.5,-0.050045,-0.050045,-0.5,0.050045,0.050045,-0.5,-0.050045,-0.050045,-0.5,-0.050045,0.050045,-0.5,0.050045,-0.050045,-0.050045,-0.5,0.050045,-0.050045,-0.050045,0.5,-0.5,-0.050045,0.050045,0.5,-0.050045,0.050045,0.050045,-0.050045,0.5,0.050045,-0.5,0.050045,-0.5,0.050045,0.050045,-0.050045,0.050045,0.5,-0.050045,0.5,0.050045,0.050045,0.5,0.050045,0.050045,0.050045,0.5,0.5,0.050045,0.050045,-0.5,0.050045,-0.050045,-0.050045,0.5,-0.050045,-0.050045,0.050045,-0.5,0.050045,0.050045,-0.5,0.050045,0.5,-0.050045,0.5,0.050045,-0.050045,-0.5,-0.050045,-0.050045,-0.050045,-0.050045,-0.5,-0.050045,-0.5,-0.050045,0.050045,-0.5,-0.050045,0.050045,-0.050045,-0.5,0.5,-0.050045,-0.050045]},"normal":{"type":"float32","components":3,"data":[-0.707107,-0.707107,0,-0.707107,-0.707107,0,-0.707107,-0.707107,0,-0.707107,-0.707107,0,0,-0.707107,0.707107,0,-0.707107,0.707107,0,-0.707107,0.707107,0,-0.707107,0.707107,-0.707107,0,0.707107,-0.707107,0,0.707107,-0.707107,0,0.707107,-0.707107,0,0.707107,0.707107,-0.707107,0,0.707107,-0.707107,0,0.707107,-0.707107,0,0.707107,-0.707107,0,0.707107,0,0.707107,0.707107,0,0.707107,0.707107,0,0.707107,0.707107,0,0.707107,-0.707107,0.707107,0,-0.707107,0.707107,0,-0.707107,0.707107,0,-0.707107,0.707107,0,0,0.707107,0.707107,0,0.707107,0.707107,0,0.707107,0.707107,0,0.707107,0.707107,0.707107,0.707107,0,0.707107,0.707107,0,0.707107,0.707107,0,0.707107,0.707107,0,-0.707107,0,-0.707107,-0.707107,0,-0.707107,-0.707107,0,-0.707107,-0.707107,0,-0.707107,0,0.707107,-0.707107,0,0.707107,-0.707107,0,0.707107,-0.707107,0,0.707107,-0.707107,0.707107,0,-0.707107,0.707107,0,-0.707107,0.707107,0,-0.707107,0.707107,0,-0.707107,0,-0.707107,-0.707107,0,-0.707107,-0.707107,0,-0.707107,-0.707107,0,-0.707107,-0.707107,0,0,1,0,0,1,0,0,1,0,0,1,0,1,0,0,1,0,0,1,0,0,1,0,0,0,-1,0,0,-1,0,0,-1,0,0,-1,0,-1,0,0,-1,0,0,-1,0,0,-1,0,1,0,0,1,0,0,1,0,0,1,0,0,-1,0,0,-1,0,0,-1,0,0,-1,0,0,-0.57735,-0.57735,0.57735,-0.57735,-0.57735,0.57735,-0.57735,-0.57735,0.57735,0.57735,-0.57735,0.57735,0.57735,-0.57735,0.57735,0.57735,-0.57735,0.57735,-0.57735,0.57735,0.57735,-0.57735,0.57735,0.57735,-0.57735,0.57735,0.57735,0.57735,0.57735,0.57735,0.57735,0.57735,0.57735,0.57735,0.57735,0.57735,-0.57735,0.57735,-0.57735,-0.57735,0.57735,-0.57735,-0.57735,0.57735,-0.57735,0.57735,0.57735,-0.57735,0.57735,0.57735,-0.57735,0.57735,0.57735,-0.57735,-0.57735,-0.57735,-0.57735,-0.57735,-0.57735,-0.57735,-0.57735,-0.57735,-0.57735,0.57735,-0.57735,-0.57735,0.57735,-0.57735,-0.57735,0.57735,-0.57735,-0.57735]},"texCoord0":{"type":"float32","components":2,"data":[0.487489,0.887511,0.375,0.887511,0.375,0.862489,0.487489,0.862489,0.512511,0,0.512511,0.112489,0.487489,0.112489,0.487489,0,0.487489,0.137511,0.262511,0.137511,0.262511,0.112489,0.487489,0.112489,0.512511,0.862489,0.625,0.887511,0.512511,0.887511,0.625,0.862489,0.737489,0.137511,0.512511,0.137511,0.512511,0.112489,0.737489,0.112489,0.487489,0.387511,0.375,0.362489,0.487489,0.362489,0.375,0.387511,0.512511,0.137511,0.487489,0.362489,0.487489,0.137511,0.512511,0.362489,0.512511,0.362489,0.625,0.362489,0.625,0.387511,0.512511,0.387511,0.487489,0.637511,0.375,0.637511,0.375,0.612489,0.487489,0.612489,0.512511,0.387511,0.487489,0.612489,0.487489,0.387511,0.512511,0.612489,0.625,0.637511,0.512511,0.637511,0.512511,0.612489,0.625,0.612489,0.512511,0.637511,0.512511,0.862489,0.487489,0.862489,0.487489,0.637511,0.512511,0.137511,0.487489,0.137511,0.487489,0.112489,0.512511,0.112489,0.512511,0.387511,0.487489,0.362489,0.512511,0.362489,0.487489,0.387511,0.512511,0.637511,0.487489,0.637511,0.487489,0.612489,0.512511,0.612489,0.512511,0.887511,0.487489,0.887511,0.487489,0.862489,0.512511,0.862489,0.737489,0.137511,0.737489,0.112489,0.762511,0.137511,0.762511,0.112489,0.262511,0.137511,0.237489,0.112489,0.262511,0.112489,0.237489,0.137511,0.487489,0,0.487489,0.112489,0.262511,0.112489,0.737489,0.112489,0.512511,0.112489,0.512511,0,0.262511,0.137511,0.487489,0.137511,0.487489,0.362489,0.512511,0.362489,0.512511,0.137511,0.737489,0.137511,0.375,0.387511,0.487489,0.387511,0.487489,0.612489,0.512511,0.612489,0.512511,0.387511,0.625,0.387511,0.375,0.637511,0.487489,0.637511,0.487489,0.862489,0.512511,0.862489,0.512511,0.637511,0.625,0.637511]}}],"meshes":[{"aabb":{"min":[-0.5,-0.5,-0.5],"max":[0.5,0.5,0.5]},"vertices":0,"indices":[0,1,2,0,2,3,4,5,6,6,7,4,8,9,10,8,10,11,12,13,14,13,12,15,16,17,18,16,18,19,20,21,22,21,20,23,24,25,26,25,24,27,28,29,30,28,30,31,32,33,34,32,34,35,36,37,38,37,36,39,40,41,42,40,42,43,44,45,46,46,47,44,48,49,50,48,50,51,52,53,54,53,52,55,56,57,58,56,58,59,60,61,62,60,62,63,64,65,66,65,67,66,68,69,70,69,68,71],"type":"triangles","base":0,"count":108},{"aabb":{"min":[-0.5,-0.5,-0.5],"max":[0.5,0.5,0.5]},"vertices":0,"indices":[72,73,74,75,76,77,78,79,80,81,82,83,84,85,86,87,88,89,90,91,92,93,94,95],"type":"triangles","base":0,"count":24}],"meshInstances":[{"node":1,"mesh":0},{"node":1,"mesh":1}]}}