{"model":{"version":3,"nodes":[{"name":"RootNode","position":[0,0,0],"rotation":[0,0,0],"scale":[0.01,0.01,0.01],"scaleCompensation":false},{"name":"pCylinder2","position":[0,0,0],"rotation":[0,0,0],"scale":[2.7027,0.512496,2.7027],"scaleCompensation":false},{"name":"polySurface39","position":[0,0,0],"rotation":[0,-0,0],"scale":[1,1,1],"scaleCompensation":false}],"parents":[-1,0,1],"skins":[],"morphs":[],"vertices":[{"position":{"type":"float32","components":3,"data":[-1.12839,-1.13667,-0.346554,-0.719148,-1.13667,-0.0305842,-1.23669,-1.13668,-0.129011,-0.669414,-1.13667,-0.264564,-1.23669,1.13668,-0.129011,-1.12839,-1.13667,-0.346554,-1.23669,-1.13668,-0.129011,-1.12839,1.13667,-0.346554,-1.23669,1.13668,-0.129011,-0.719148,1.13667,-0.0305842,-1.12839,1.13667,-0.346554,-0.669414,1.13667,-0.264564,-0.669414,-1.13667,0.264564,-1.12839,-1.13667,0.346554,-0.719148,-1.13667,0.0305841,-1.23669,-1.13668,0.129011,-1.12839,1.13667,0.346554,-1.23669,-1.13668,0.129011,-1.12839,-1.13667,0.346554,-1.23669,1.13668,0.129011,-0.719148,1.13667,0.0305841,-1.12839,1.13667,0.346554,-0.669414,1.13667,0.264564,-1.23669,1.13668,0.129011,-0.669414,-1.13667,-0.264564,-0.669414,1.13667,-0.264564,-0.719148,-1.13667,-0.0305842,-0.719148,1.13667,-0.0305842,-0.719148,-1.13667,0.0305841,-0.719148,1.13667,0.0305841,-0.669414,-1.13667,0.264564,-0.669414,1.13667,0.264564,-0.809017,-1.13667,-0.587786,-0.809017,1.13667,-0.587786,-0.809017,1.13667,0.587785,-0.809017,-1.13667,0.587785,-0.809017,-1.13667,-0.587786,-0.594801,-1.13667,-0.432148,-1.23669,-1.13668,-0.129011,-0.594801,-1.13667,0.432148,-0.809017,-1.13667,0.587785,-1.12839,-1.13667,0.346554,-0.809017,1.13667,-0.587786,-0.594801,1.13667,-0.432148,-1.23669,1.13668,-0.129011,-0.809017,1.13667,0.587785,-0.594801,1.13667,0.432148,-1.12839,1.13667,0.346554,-0.594801,-1.13667,0.432148,-0.594801,1.13667,0.432148,-0.594801,-1.13667,-0.432148,-0.594801,1.13667,-0.432148,-0.809017,1.13667,0.587785,-0.809017,-1.13667,0.587785,-0.594801,1.13667,0.432148,-0.594801,-1.13667,0.432148,-0.809017,1.13667,-0.587786,-0.594801,-1.13667,-0.432148,-0.809017,-1.13667,-0.587786,-0.594801,1.13667,-0.432148]},"normal":{"type":"float32","components":3,"data":[3.2182e-06,-1,-5.01376e-07,3.6736e-06,-1,0,3.66989e-06,-1,0,2.98849e-06,-1,-9.32395e-07,-0.975033,0,-0.222061,-0.731463,0,-0.681881,-0.975033,0,-0.222061,-0.731463,0,-0.681881,4.1294e-06,1,2.90133e-07,4.13313e-06,1,2.85751e-07,3.58687e-06,1,1.25888e-07,3.27982e-06,1,-2.02505e-07,2.98849e-06,-1,9.32396e-07,3.21819e-06,-1,5.01376e-07,3.6736e-06,-1,0,3.66988e-06,-1,0,-0.731462,0,0.681882,-0.975033,0,0.222061,-0.731462,0,0.681882,-0.975033,0,0.222061,4.13313e-06,1,0,3.58687e-06,1,3.3425e-07,3.27982e-06,1,6.21597e-07,4.1294e-06,1,0,0.95525,0,0.2958,0.95525,0,0.2958,0.986098,0,0.166162,0.986098,0,0.166162,0.986098,0,-0.166162,0.986098,0,-0.166162,0.95525,0,-0.2958,0.95525,0,-0.2958,-0.602722,0,-0.797951,-0.602722,0,-0.797951,-0.602722,0,0.797951,-0.602722,0,0.797951,2.4519e-06,-1,-1.93925e-06,2.4519e-06,-1,-1.93925e-06,3.66989e-06,-1,0,2.4519e-06,-1,1.93925e-06,2.4519e-06,-1,1.93925e-06,3.21819e-06,-1,5.01376e-07,2.56256e-06,1,-9.69625e-07,2.56256e-06,1,-9.69625e-07,4.1294e-06,1,2.90133e-07,2.56256e-06,1,1.29283e-06,2.56256e-06,1,1.29283e-06,3.58687e-06,1,3.3425e-07,0.913546,0,-0.406736,0.913546,0,-0.406736,0.913545,0,0.406737,0.913545,0,0.406737,0.587785,0,0.809017,0.587785,0,0.809017,0.587785,0,0.809017,0.587785,0,0.809017,0.587786,0,-0.809016,0.587786,0,-0.809016,0.587786,0,-0.809016,0.587786,0,-0.809016]},"texCoord0":{"type":"float32","components":2,"data":[0.353857,0.108732,0.347164,0.14975,0.347164,0.123764,0.357734,0.100024,0.479273,0.68844,0.470779,0.3125,0.479273,0.3125,0.470779,0.68844,0.347164,0.876236,0.347164,0.85025,0.353857,0.891268,0.357734,0.899976,0.357734,0.212476,0.347164,0.188736,0.347164,0.16275,0.347164,0.172081,0.495888,0.68844,0.487394,0.3125,0.495888,0.3125,0.487394,0.68844,0.347164,0.83725,0.347164,0.821568,0.357734,0.787524,0.347164,0.827919,0.357734,0.100024,0.357734,0.899976,0.347164,0.14975,0.347164,0.85025,0.347164,0.16275,0.347164,0.83725,0.357734,0.212476,0.357734,0.787524,0.415962,0.188454,0.415962,0.812016,0.440962,0.720174,0.440962,0.280296,0.415962,0.188454,0.373591,0.0644086,0.347164,0.140419,0.373591,0.248091,0.440962,0.280296,0.353857,0.203768,0.415962,0.812016,0.373591,0.935591,0.347164,0.859581,0.440962,0.720174,0.373591,0.751909,0.353857,0.796232,0.373591,0.248091,0.373591,0.751909,0.373591,0.0644086,0.373591,0.935591,0.440962,0.720174,0.440962,0.280296,0.373591,0.751909,0.373591,0.248091,0.415962,0.812016,0.373591,0.0644086,0.415962,0.188454,0.373591,0.935591]}}],"meshes":[{"aabb":{"min":[-1.23669,-1.13668,-0.587786],"max":[-0.594801,1.13668,0.587785]},"vertices":0,"indices":[0,1,2,1,0,3,4,5,6,5,4,7,8,9,10,10,9,11,12,13,14,13,15,14,16,17,18,17,16,19,20,21,22,21,20,23,24,25,26,27,26,25,28,29,30,31,30,29,5,7,32,32,7,33,19,6,17,6,19,4,16,18,34,34,18,35,36,3,0,3,36,37,38,14,15,14,38,1,12,39,40,40,41,12,10,11,42,42,11,43,20,44,23,44,20,9,22,45,46,45,22,47,30,31,48,49,48,31,26,27,28,29,28,27,50,25,24,25,50,51,52,53,54,54,53,55,56,57,58,57,56,59],"type":"triangles","base":0,"count":132}],"meshInstances":[{"node":2,"mesh":0}]}}