{"model":{"version":3,"nodes":[{"name":"RootNode","position":[0,0,0],"rotation":[0,0,0],"scale":[0.01,0.01,0.01],"scaleCompensation":false},{"name":"ring4:pPipe2","position":[0,0,0],"rotation":[0,0,0],"scale":[3.59873,3.48238,3.59873],"scaleCompensation":false},{"name":"polySurface2","position":[0,0,0],"rotation":[0,-0,0],"scale":[1,1,1],"scaleCompensation":false}],"parents":[-1,0,1],"skins":[],"morphs":[],"vertices":[{"position":{"type":"float32","components":3,"data":[-0.235047,-0.131193,0.567455,-0.235047,0.131193,0.567455,-0.1759,-0.131193,0.539559,-0.1759,0.131193,0.539559,-0.257145,-0.131193,0.505907,-0.257145,0.131193,0.505907,-0.331706,-0.131193,0.456086,-0.331706,0.131193,0.456086,-0.08795,0.131193,0.557054,1.74881e-07,-0.131193,0.531212,-0.08795,-0.131193,0.557054,1.74881e-07,0.131193,0.531212,-0.488749,0.131193,0.6836,-0.257145,0.131193,0.505907,-0.331706,0.131193,0.456086,-0.383933,0.131193,0.834421,3.81784e-07,0.131193,0.75356,-0.08795,0.131193,0.557054,-0.13778,0.131193,0.828976,1.74881e-07,0.131193,0.531212,-0.488749,0.131193,0.6836,-0.383933,-0.131193,0.834421,-0.383933,0.131193,0.834421,-0.488749,-0.131193,0.6836,-0.13778,0.131193,0.828976,3.81784e-07,-0.131193,0.75356,3.81784e-07,0.131193,0.75356,-0.13778,-0.131193,0.828976,-0.257145,-0.131193,0.505907,-0.488749,-0.131193,0.6836,-0.331706,-0.131193,0.456086,-0.383933,-0.131193,0.834421,-0.13778,-0.131193,0.828976,-0.08795,-0.131193,0.557054,3.81784e-07,-0.131193,0.75356,1.74881e-07,-0.131193,0.531212,-0.318542,0.131193,0.861507,-0.235047,0.131193,0.567455,-0.371047,0.131193,0.895788,-0.1759,0.131193,0.539559,-0.371047,0.131193,0.895788,-0.371047,-0.131193,0.895788,-0.318542,0.131193,0.861507,-0.318542,-0.131193,0.861507,-0.235047,-0.131193,0.567455,-0.371047,-0.131193,0.895788,-0.1759,-0.131193,0.539559,-0.318542,-0.131193,0.861507,-0.375624,-0.131193,0.375624,-0.375624,0.131193,0.375624,-0.532847,0.131193,0.532848,-0.375624,0.131193,0.375624,-0.532847,-0.131193,0.532848,-0.532847,0.131193,0.532848,-0.532847,-0.131193,0.532848,-0.375624,-0.131193,0.375624,-0.532847,-0.131193,0.532848,-0.532847,0.131193,0.532848,-0.375624,-0.131193,0.375624,-0.375624,0.131193,0.375624,3.81784e-07,0.131193,0.75356,1.74881e-07,-0.131193,0.531212,1.74881e-07,0.131193,0.531212,3.81784e-07,-0.131193,0.75356]},"normal":{"type":"float32","components":3,"data":[0.382679,-4.03623e-08,-0.923881,0.382679,-4.03623e-08,-0.923881,-0.0705339,0,-0.997509,-0.0705339,0,-0.997509,0.75522,-4.81393e-08,-0.655471,0.75522,-4.81393e-08,-0.655471,0.739828,-6.04677e-08,-0.672796,0.739828,-6.04677e-08,-0.672796,-0.0473982,0,-0.998876,-0.281898,0,-0.959444,-0.0473981,0,-0.998876,-0.281898,0,-0.959444,-1.62896e-07,1,1.33402e-07,-2.52401e-07,1,0,-4.34862e-08,1,2.60892e-07,-1.49297e-07,1,0,-6.04733e-07,1,1.79955e-07,-1.58337e-07,1,1.60046e-07,3.22287e-08,1,1.51546e-07,-6.04733e-07,1,1.79955e-07,-0.896644,0,0.442752,-0.874473,0,0.485074,-0.874473,0,0.485074,-0.896644,0,0.442753,0.32095,0,0.947096,0.480144,0,0.87719,0.480144,0,0.87719,0.32095,0,0.947096,0,-1,4.1696e-08,2.04801e-08,-1,9.87461e-08,4.00527e-08,-1,1.47673e-07,0,-1,2.46636e-08,-5.24287e-08,-1,-1.68906e-08,-1.02534e-07,-1,-1.03109e-08,-2.19903e-07,-1,5.10185e-09,-2.19903e-07,-1,5.10185e-09,1.20143e-07,1,1.38863e-07,0,1,6.73893e-08,0,1,6.73892e-08,2.03112e-07,1,1.41683e-07,-0.382681,0,0.923881,-0.382681,0,0.923881,0.275346,0,0.961345,0.275346,0,0.961345,0,-1,0,0,-1,0,0,-1,-2.0848e-08,0,-1,-1.23318e-08,0.877761,-7.74412e-08,-0.479099,0.877761,-7.74412e-08,-0.479099,2.36227e-07,1,5.59533e-07,2.36227e-07,1,5.59533e-07,-0.95978,0,0.280755,-0.959779,0,0.280755,8.59007e-08,-1,2.62281e-07,8.59007e-08,-1,2.62281e-07,-0.707107,0,-0.707106,-0.707107,0,-0.707106,-0.707107,0,-0.707106,-0.707107,0,-0.707106,1,0,-9.30536e-07,1,0,-9.30536e-07,1,0,-9.30536e-07,1,0,-9.30536e-07]},"texCoord0":{"type":"float32","components":2,"data":[0.6875,1,0.6875,0.75,0.699999,1,0.699999,0.75,0.675001,1,0.675001,0.75,0.650001,1,0.650001,0.75,0.724999,0.75,0.75,0.5,0.724999,1,0.75,0.75,0.653125,0.5,0.675001,0.75,0.650001,0.75,0.681251,0.5,0.75,0.5,0.724999,0.75,0.721875,0.5,0.75,0.75,0.653125,0.5,0.681251,0.25,0.681251,0.5,0.653125,0.25,0.721875,0.5,0.75,0.25,0.75,0.5,0.721875,0.25,0.675001,1.58987e-09,0.653125,0.25,0.650001,7.94933e-10,0.681251,0.25,0.721875,0.25,0.724999,0,0.75,0.25,0.75,0.5,0.693749,0.5,0.6875,0.75,0.6875,0.5,0.699999,0.75,0.6875,0.5,0.6875,0.25,0.693749,0.5,0.693749,0.25,0.6875,0,0.6875,0.25,0.699999,0,0.693749,0.25,0.625,0.5,0.625,0.75,0.625,0.5,0.625,0.75,0.625,0.25,0.625,0.5,0.625,0.25,0.625,0.5,0.625,0.25,0.625,0.5,0.625,0.5,0.625,0.75,0.75,0.5,0.75,0.5,0.75,0.75,0.75,0.25]}}],"meshes":[{"aabb":{"min":[-0.532847,-0.131193,0.375624],"max":[3.81784e-07,0.131193,0.895788]},"vertices":0,"indices":[0,1,2,2,1,3,4,5,0,1,0,5,6,7,4,4,7,5,8,9,10,9,8,11,12,13,14,13,12,15,16,17,18,17,16,19,20,21,22,21,20,23,24,25,26,25,24,27,28,29,30,29,28,31,32,33,34,34,33,35,36,37,38,37,36,39,38,37,15,13,15,37,40,41,42,42,41,43,22,21,40,41,40,21,44,31,28,31,44,45,46,47,44,45,44,47,7,6,48,7,48,49,50,14,51,14,50,12,20,52,23,52,20,53,54,55,30,30,29,54,2,8,10,8,2,3,39,36,18,18,17,39,24,43,27,43,24,42,46,32,47,32,46,33,56,57,58,57,59,58,60,61,62,61,60,63],"type":"triangles","base":0,"count":156}],"meshInstances":[{"node":2,"mesh":0}]}}