{"model":{"version":3,"nodes":[{"name":"RootNode","position":[0,0,0],"rotation":[0,0,0],"scale":[0.01,0.01,0.01],"scaleCompensation":false},{"name":"ring6:pPipe1","position":[0,0,0],"rotation":[0,0,0],"scale":[2.07415,2.07415,2.07415],"scaleCompensation":false},{"name":"polySurface2","position":[0,0,0],"rotation":[0,-0,0],"scale":[1,1,1],"scaleCompensation":false}],"parents":[-1,0,1],"skins":[],"morphs":[],"vertices":[{"position":{"type":"float32","components":3,"data":[-0.740106,-0.218749,0.740106,-0.740106,0.218749,0.740106,-0.422567,-0.218749,0.731908,-0.422567,0.218749,0.731908,-0.217919,-0.21875,0.813286,-0.217919,0.21875,0.813286,-1.00362e-17,-0.218749,0.887597,-1.00362e-17,0.218749,0.887597,0.217919,-0.21875,0.813286,0.217919,0.21875,0.813286,0.422567,-0.218749,0.731908,0.422567,0.218749,0.731908,-0.615474,0.218749,1.06603,-0.740106,0.218749,0.740106,-1.09816,0.218749,1.09816,-0.422567,0.218749,0.731908,-0.270792,0.218749,1.24225,-1.00362e-17,0.218749,0.887597,-0.217919,0.21875,0.813286,3.52951e-17,0.218749,1.57903,0.615474,0.218749,1.06603,0.217919,0.21875,0.813286,0.270792,0.218749,1.24225,0.422567,0.218749,0.731908,-1.09816,0.218749,1.09816,-1.09816,-0.218749,1.09816,-0.615474,0.218749,1.06603,-0.615474,-0.218749,1.06603,3.52951e-17,-0.218749,1.57903,3.52951e-17,0.218749,1.57903,-0.270792,-0.218749,1.24225,-0.270792,0.218749,1.24225,0.270792,0.218749,1.24225,0.270792,-0.218749,1.24225,0.615474,0.218749,1.06603,0.615474,-0.218749,1.06603,-1.09816,-0.218749,1.09816,-0.740106,-0.218749,0.740106,-0.615474,-0.218749,1.06603,-0.422567,-0.218749,0.731908,-1.00362e-17,-0.218749,0.887597,-0.270792,-0.218749,1.24225,-0.217919,-0.21875,0.813286,3.52951e-17,-0.218749,1.57903,0.270792,-0.218749,1.24225,0.217919,-0.21875,0.813286,0.615474,-0.218749,1.06603,0.422567,-0.218749,0.731908,0.422567,-0.218749,0.731908,0.740106,0.218749,0.740106,0.740106,-0.218749,0.740106,0.422567,0.218749,0.731908,0.740106,0.218749,0.740106,1.09816,0.218749,1.09816,0.615474,0.218749,1.06603,1.09816,-0.218749,1.09816,1.09816,0.218749,1.09816,0.615474,-0.218749,1.06603,1.09816,-0.218749,1.09816,0.740106,-0.218749,0.740106,-0.422567,-0.218749,0.731908,-0.422567,0.218749,0.731908,-0.615474,0.218749,1.06603,-0.615474,-0.218749,1.06603,-1.00362e-17,-0.218749,0.887597,-1.00362e-17,0.218749,0.887597,3.52951e-17,0.218749,1.57903,3.52951e-17,-0.218749,1.57903,-0.740106,-0.218749,0.740106,-1.09816,-0.218749,1.09816,-1.09816,0.218749,1.09816,-0.740106,0.218749,0.740106,1.09816,-0.218749,1.09816,0.740106,-0.218749,0.740106,0.740106,0.218749,0.740106,1.09816,0.218749,1.09816]},"normal":{"type":"float32","components":3,"data":[-0.0258073,0,-0.999667,-0.0258073,0,-0.999667,-0.0258073,0,-0.999667,-0.0258073,0,-0.999667,0.345717,0,-0.938339,0.345717,0,-0.938339,0.322752,0,-0.946484,0.322752,0,-0.946484,-0.345718,0,-0.938339,-0.345718,0,-0.938339,-0.369508,0,-0.929228,-0.369508,0,-0.929228,-2.70186e-07,1,8.93006e-08,0,1,2.80266e-08,0,1,2.80266e-08,-4.18795e-07,1,1.23003e-07,7.07687e-08,1,2.7463e-07,1.31421e-14,1,3.14101e-07,-1.77198e-07,1,2.45646e-07,1.84302e-14,1,3.14101e-07,2.70186e-07,1,1.1844e-07,1.77198e-07,1,2.6206e-07,-7.07687e-08,1,2.84094e-07,4.18795e-07,1,1.52755e-07,0.0664108,0,0.997792,0.0664108,0,0.997792,0.0664108,0,0.997792,0.0664108,0,0.997792,-0.77932,0,0.626626,-0.77932,0,0.626626,-0.640261,0,0.768158,-0.640261,0,0.768158,0.640261,0,0.768158,0.640261,0,0.768158,0.455214,0,0.890382,0.455214,0,0.890382,0,-1,2.80266e-08,0,-1,2.80266e-08,-2.70186e-07,-1,8.93006e-08,-4.18795e-07,-1,1.23003e-07,-2.62842e-14,-1,3.14101e-07,7.07687e-08,-1,2.7463e-07,-1.77198e-07,-1,2.45646e-07,-1.84302e-14,-1,3.14101e-07,-7.07687e-08,-1,2.7463e-07,1.77198e-07,-1,2.45646e-07,2.70186e-07,-1,7.21933e-08,4.18795e-07,-1,1.11902e-07,0.0258073,0,-0.999667,0.0258073,0,-0.999667,0.0258073,0,-0.999667,0.0258073,0,-0.999667,0,1,5.60532e-08,0,1,5.60532e-08,-0.0664108,0,0.997792,-0.0664108,0,0.997792,-0.0664108,0,0.997792,-0.0664108,0,0.997792,0,-1,0,0,-1,0,0.369507,0,-0.929228,0.369507,0,-0.929228,-0.455214,0,0.890382,-0.455214,0,0.890382,-0.322752,0,-0.946484,-0.322752,0,-0.946484,0.77932,0,0.626626,0.77932,0,0.626626,-0.707107,0,-0.707107,-0.707107,0,-0.707107,-0.707107,0,-0.707107,-0.707107,0,-0.707107,0.707107,0,-0.707107,0.707107,0,-0.707107,0.707107,0,-0.707107,0.707107,0,-0.707107]},"texCoord0":{"type":"float32","components":2,"data":[0.625,0.5,0.625,0.75,0.666667,1,0.666667,0.75,0.708333,1,0.708333,0.75,0.75,1,0.75,0.75,0.791667,1,0.791667,0.75,0.833333,1,0.833333,0.75,0.666667,0.5,0.625,0.75,0.625,0.5,0.666667,0.75,0.708333,0.5,0.75,0.75,0.708333,0.75,0.75,0.5,0.833333,0.5,0.791667,0.75,0.791667,0.5,0.833333,0.75,0.625,0.5,0.625,0.25,0.666667,0.5,0.666667,0.25,0.75,0.25,0.75,0.5,0.708333,0.25,0.708333,0.5,0.791667,0.5,0.791667,0.25,0.833333,0.5,0.833333,0.25,0.625,0.25,0.625,0.5,0.666667,0.25,0.666667,0,0.75,0,0.708333,0.25,0.708333,0,0.75,0.25,0.791667,0.25,0.791667,0,0.833333,0.25,0.833333,0,0.833333,1,0.875,0.75,0.875,0.5,0.833333,0.75,0.875,0.75,0.875,0.5,0.833333,0.5,0.875,0.25,0.875,0.5,0.833333,0.25,0.875,0.25,0.875,0.5,0.666667,1,0.666667,0.75,0.666667,0.5,0.666667,0.25,0.75,1,0.75,0.75,0.75,0.5,0.75,0.25,0.625,0.5,0.625,0.25,0.625,0.5,0.625,0.75,0.875,0.25,0.875,0.5,0.875,0.75,0.875,0.5]}}],"meshes":[{"aabb":{"min":[-1.09816,-0.21875,0.731908],"max":[1.09816,0.21875,1.57903]},"vertices":0,"indices":[0,1,2,2,1,3,4,5,6,6,5,7,8,9,10,10,9,11,12,13,14,13,12,15,16,17,18,16,19,17,20,21,22,21,20,23,24,25,26,26,25,27,28,29,30,29,31,30,32,33,34,34,33,35,36,37,38,38,37,39,40,41,42,41,40,43,44,45,46,47,46,45,48,49,50,49,48,51,52,20,53,20,52,23,54,55,56,55,54,57,58,46,59,59,46,47,60,5,4,5,60,61,12,18,15,18,12,16,62,30,31,30,62,63,38,42,41,38,39,42,64,9,8,9,64,65,19,22,17,22,21,17,66,67,33,66,33,32,44,40,45,40,44,43,68,69,70,68,70,71,72,73,74,72,74,75],"type":"triangles","base":0,"count":156}],"meshInstances":[{"node":2,"mesh":0}]}}