{"model":{"version":3,"nodes":[{"name":"RootNode","position":[0,0,0],"rotation":[0,0,0],"scale":[0.01,0.01,0.01],"scaleCompensation":false},{"name":"pPipe2","position":[-0.696537,0,0],"rotation":[0,-0,0],"scale":[0.931631,0.931631,0.931631],"scaleCompensation":false},{"name":"polySurface19","position":[0,0,0],"rotation":[0,0,0],"scale":[1,1,1],"scaleCompensation":false},{"name":"polySurface26","position":[11.4263,0,0],"rotation":[0,-0,0],"scale":[1.39455,1.398,1.39455],"scaleCompensation":false}],"parents":[-1,0,1,2],"skins":[],"morphs":[],"vertices":[{"position":{"type":"float32","components":3,"data":[-12.1052,-0.360044,-0.969963,-11.4374,-0.360044,-0.721357,-11.5175,-0.360044,-0.582544,-12.0459,-0.360044,-1.07269,-11.4374,-0.360044,-0.721357,-11.4374,0.360044,-0.721357,-11.5175,-0.360044,-0.582544,-11.5175,0.360044,-0.582544,-12.1052,0.360044,-0.969963,-11.4374,0.360044,-0.721357,-12.0459,0.360044,-1.07269,-11.5175,0.360044,-0.582544,-11.4374,-0.360044,0.721357,-11.9866,-0.360044,1.17542,-12.0459,-0.360044,1.07269,-11.3573,-0.360044,0.86017,-11.4374,-0.360044,0.721357,-11.4374,0.360044,0.721357,-11.3573,-0.360044,0.86017,-11.3573,0.360044,0.86017,-11.4374,0.360044,0.721357,-11.9866,0.360044,1.17542,-11.3573,0.360044,0.86017,-12.0459,0.360044,1.07269,-12.0459,0.360044,-1.07269,-12.0459,-0.360044,-1.07269,-12.1052,0.360044,-0.969963,-12.1052,-0.360044,-0.969963,-12.0459,0.360044,1.07269,-12.0459,-0.360044,1.07269,-11.9866,0.360044,1.17542,-11.9866,-0.360044,1.17542,-11.3573,0.360044,-0.86017,-11.3573,-0.360044,-0.86017,-11.084,0.360044,-0.969518,-11.084,-0.360044,-0.969518,-11.5175,-0.360044,-0.582544,-11.5175,0.360044,-0.582544,-11.4756,-0.360044,-0.291243,-11.4756,0.360044,-0.291243,-11.4756,-0.360044,0.291243,-11.4756,0.360044,0.291243,-11.5175,-0.360044,0.582544,-11.5175,0.360044,0.582544,-11.3573,-0.360044,0.86017,-11.3573,0.360044,0.86017,-11.084,-0.360044,0.969518,-11.084,0.360044,0.969518,-11.3731,0.360044,-1.47025,-11.3573,0.360044,-0.86017,-11.084,0.360044,-0.969518,-11.9866,0.360044,-1.17542,-12.0538,0.360044,-0.291243,-11.4756,0.360044,-0.291243,-12.1052,0.360044,0.969963,-11.5175,0.360044,0.582544,-12.0538,0.360044,0.291243,-11.4756,0.360044,0.291243,-11.3731,0.360044,1.47025,-11.084,0.360044,0.969518,-11.3731,-0.360044,-1.47025,-11.9866,-0.360044,-1.17542,-11.9866,0.360044,-1.17542,-11.3731,0.360044,-1.47025,-12.0538,-0.360044,-0.291243,-12.0538,0.360044,-0.291243,-12.1052,-0.360044,-0.969963,-12.1052,0.360044,-0.969963,-12.1052,-0.360044,0.969963,-12.1052,0.360044,0.969963,-12.0538,-0.360044,0.291243,-12.0538,0.360044,0.291243,-11.9866,0.360044,1.17542,-11.9866,-0.360044,1.17542,-11.3731,0.360044,1.47025,-11.3731,-0.360044,1.47025,-11.3731,-0.360044,-1.47025,-11.3573,-0.360044,-0.86017,-11.9866,-0.360044,-1.17542,-11.084,-0.360044,-0.969518,-12.0538,-0.360044,-0.291243,-11.4756,-0.360044,-0.291243,-12.0538,-0.360044,0.291243,-11.5175,-0.360044,0.582544,-12.1052,-0.360044,0.969963,-11.4756,-0.360044,0.291243,-11.3731,-0.360044,1.47025,-11.084,-0.360044,0.969518,-11.0099,-0.360044,-1.10884,-11.3253,-0.360044,-1.65565,-11.1154,-0.360044,-1.60633,-10.8214,-0.360044,-1.09708,-11.0099,-0.360044,-1.10884,-11.0099,0.360044,-1.10884,-10.8214,0.360044,-1.09708,-10.8214,-0.360044,-1.09708,-11.5592,-0.360044,0.157382,-12.1904,-0.360044,0.157092,-12.0428,-0.360044,1.25142e-18,-11.4548,-0.360044,-3.72406e-18,-11.5592,-0.360044,-0.157382,-12.1904,-0.360044,-0.157092,-11.5592,-0.360044,0.157382,-11.5592,0.360044,0.157382,-11.4548,-0.360044,-3.72406e-18,-11.4548,0.360044,3.72405e-18,-11.5592,-0.360044,-0.157382,-11.5592,0.360044,-0.157382,-11.0099,-0.360044,1.10884,-11.3253,-0.360044,1.65565,-10.8214,-0.360044,1.09708,-11.1154,-0.360044,1.60633,-11.0099,-0.360044,1.10884,-11.0099,0.360044,1.10884,-10.8214,-0.360044,1.09708,-10.8214,0.360044,1.09708,-11.0099,0.360044,-1.10884,-11.3253,0.360044,-1.65565,-10.8214,0.360044,-1.09708,-11.1154,0.360044,-1.60633,-11.5592,0.360044,0.157382,-12.1904,0.360044,0.157092,-11.4548,0.360044,3.72405e-18,-12.0428,0.360044,8.69953e-18,-11.5592,0.360044,-0.157382,-12.1904,0.360044,-0.157092,-11.1154,0.360044,1.60633,-11.0099,0.360044,1.10884,-11.3253,0.360044,1.65565,-10.8214,0.360044,1.09708,-11.3253,0.360044,-1.65565,-11.3253,-0.360044,-1.65565,-11.1154,-0.360044,-1.60633,-11.1154,0.360044,-1.60633,-12.1904,0.360044,0.157092,-12.1904,-0.360044,0.157092,-12.0428,0.360044,8.69953e-18,-12.0428,-0.360044,1.25142e-18,-12.1904,0.360044,-0.157092,-12.1904,-0.360044,-0.157092,-11.3253,0.360044,1.65565,-11.3253,-0.360044,1.65565,-11.1154,0.360044,1.60633,-11.1154,-0.360044,1.60633,-11.5175,-0.360044,0.582544,-11.5175,0.360044,0.582544,-12.1052,0.360044,0.969963,-12.1052,-0.360044,0.969963,-11.3573,-0.360044,-0.86017,-11.3573,0.360044,-0.86017,-11.9866,0.360044,-1.17542,-11.9866,-0.360044,-1.17542,-11.1154,0.360044,1.60633,-11.1154,-0.360044,1.60633,-10.8214,0.360044,1.09708,-10.8214,-0.360044,1.09708,-10.8214,0.360044,-1.09708,-10.8214,-0.360044,-1.09708,-11.1154,0.360044,-1.60633,-11.1154,-0.360044,-1.60633]},"normal":{"type":"float32","components":3,