{"model":{"version":3,"nodes":[{"name":"RootNode","position":[0,0,0],"rotation":[0,0,0],"scale":[0.01,0.01,0.01],"scaleCompensation":false},{"name":"ring7:polySurface16","position":[9.02056e-15,2.58494e-23,-5.72459e-15],"rotation":[0,-0,0],"scale":[1,1,1],"scaleCompensation":false}],"parents":[-1,0],"skins":[],"morphs":[],"vertices":[{"position":{"type":"float32","components":3,"data":[-1.35156,-0.485332,1.25585,-1.35156,0.485332,1.25585,-1.19135,-0.485332,1.38734,-1.19135,0.485332,1.38734,-1.48304,-0.485332,1.09564,-1.48304,0.485332,1.09564,-2.06593,0.485332,0.816095,-2.06593,-0.485332,0.816095,-0.9118,0.485332,1.97023,-0.9118,-0.485332,1.97023,-2.06593,0.485332,0.816095,-1.96017,0.485331,1.65985,-1.48304,0.485332,1.09564,-3.0882,0.485331,1.23953,-1.19135,0.485332,1.38734,-1.75555,0.485331,1.86447,-0.9118,0.485332,1.97023,-1.33524,0.485331,2.99249,-3.0882,0.485331,1.23953,-1.96017,-0.485331,1.65985,-1.96017,0.485331,1.65985,-3.0882,-0.485331,1.23953,-1.33524,-0.485331,2.99249,-1.33524,0.485331,2.99249,-1.75555,-0.485331,1.86447,-1.75555,0.485331,1.86447,-1.96017,-0.485331,1.65985,-3.0882,-0.485331,1.23953,-2.06593,-0.485332,0.816095,-1.48304,-0.485332,1.09564,-0.9118,-0.485332,1.97023,-1.75555,-0.485331,1.86447,-1.19135,-0.485332,1.38734,-1.33524,-0.485331,2.99249,-1.35156,0.485332,1.25585,-2.05826,0.485331,1.96256,-2.05826,-0.48533,1.96256,-2.05826,0.485331,1.96256,-1.35156,-0.485332,1.25585,-2.05826,-0.48533,1.96256,-1.33524,-0.485331,2.99249,-0.9118,0.485332,1.97023,-1.33524,0.485331,2.99249,-0.9118,-0.485332,1.97023,-2.06593,-0.485332,0.816095,-3.0882,-0.485331,1.23953,-3.0882,0.485331,1.23953,-2.06593,0.485332,0.816095,-1.93058,0.485331,6.62619e-07,-1.93058,-0.485331,6.62619e-07,-2.06593,0.485332,-0.816094,-2.06593,-0.485332,-0.816094,-2.06593,0.485332,0.816095,-2.06593,-0.485332,0.816095,-2.06593,0.485332,-0.816094,-2.62911,0.485331,1.15837e-06,-1.93058,0.485331,6.62619e-07,-3.0882,0.485331,-1.23953,-3.0882,0.485331,1.23953,-2.06593,0.485332,0.816095,-2.62911,-0.485331,1.15837e-06,-2.62911,0.485331,1.15837e-06,-3.0882,-0.485331,-1.23953,-3.0882,0.485331,-1.23953,-3.0882,-0.485331,1.23953,-3.0882,0.485331,1.23953,-1.93058,-0.485331,6.62619e-07,-2.62911,-0.485331,1.15837e-06,-2.06593,-0.485332,-0.816094,-3.0882,-0.485331,-1.23953,-2.06593,-0.485332,0.816095,-3.0882,-0.485331,1.23953,-3.0882,-0.485331,1.23953,-2.06593,0.485332,0.816095,-3.0882,0.485331,1.23953,-2.06593,-0.485332,0.816095,-2.06593,-0.485332,-0.816094,-3.0882,-0.485331,-1.23953,-3.0882,0.485331,-1.23953,-2.06593,0.485332,-0.816094]},"normal":{"type":"float32","components":3,"data":[0.707106,0,-0.707107,0.707106,0,-0.707107,0.85158,0,-0.524225,0.85158,0,-0.524225,0.524224,0,-0.85158,0.524224,0,-0.85158,0.432432,0,-0.901667,0.432432,0,-0.901667,0.901666,0,-0.432432,0.901666,0,-0.432432,-9.30262e-07,1,1.69731e-06,-1.32087e-06,1,1.39142e-06,-1.23646e-06,1,1.45753e-06,-9.30262e-07,1,1.69731e-06,-1.39065e-06,1,1.23104e-06,-1.32317e-06,1,1.31846e-06,-1.63542e-06,1,9.13934e-07,-1.63542e-06,1,9.13934e-07,-0.349159,0,0.937064,-0.574565,0,0.818459,-0.574565,0,0.818459,-0.349159,0,0.937064,-0.937063,0,0.34916,-0.937063,0,0.34916,-0.818458,0,0.574566,-0.818458,0,0.574566,-1.26011e-06,-1,1.35819e-06,-8.90411e-07,-1,1.65378e-06,-8.90411e-07,-1,1.65378e-06,-1.18021e-06,-1,1.42207e-06,-1.66574e-06,-1,8.70413e-07,-1.37459e-06,-1,1.28523e-06,-1.43751e-06,-1,1.19559e-06,-1.66574e-06,-1,8.70413e-07,-1.44853e-06,1,1.5142e-06,-1.44853e-06,1,1.5142e-06,-0.707106,0,0.707107,-0.707106,0,0.707107,-1.44414e-06,-1,1.5142e-06,-1.44414e-06,-1,1.5142e-06,0.92388,0,0.382683,0.92388,0,0.382683,0.92388,0,0.382683,0.92388,0,0.382683,-0.382683,0,-0.92388,-0.382683,0,-0.92388,-0.382683,0,-0.92388,-0.382683,0,-0.92388,1,0,-5.80808e-07,1,0,-5.80808e-07,0.986523,0,-0.163619,0.986523,0,-0.163619,0.986524,0,0.163618,0.986524,0,0.163618,-1.24109e-06,1,7.98211e-07,-1.24109e-06,1,1.81411e-08,-1.24109e-06,1,1.81413e-08,-1.24109e-06,1,7.98212e-07,-1.24109e-06,1,-7.6193e-07,-1.24109e-06,1,-7.6193e-07,-1,0,3.94226e-07,-1,0,3.94226e-07,-0.937746,0,0.347321,-0.937746,0,0.347321,-0.937747,0,-0.34732,-0.937747,0,-0.34732,-1.22629e-06,-1,1.96818e-13,-1.22629e-06,-1,-3.59402e-14,-1.22629e-06,-1,7.98212e-07,-1.22629e-06,-1,7.98212e-07,-1.22629e-06,-1,-7.98212e-07,-1.22629e-06,-1,-7.98212e-07,0.382683,0,0.92388,0.382683,0,0.92388,0.382683,0,0.92388,0.382683,0,0.92388,0.382682,0,-0.92388,0.382682,0,-0.92388,0.382682,0,-0.92388,0.382682,0,-0.92388]},"texCoord0":{"type":"float32","components":2,"data":[0.625,1,0.625,0.75,0.643748,1,0.643748,0.75,0.606252,1,0.606252,0.75,0.5625,0.75,0.5625,0.5,0.6875,0.75,0.6875,0.5,0.5625,0.75,0.615626,0.5,0.606252,0.75,0.5625,0.5,0.643748,0.75,0.634374,0.5,0.6875,0.75,0.6875,0.5,0.5625,0.5,0.615626,0.25,0.615626,0.5,0.5625,0.25,0.6875,0.25,0.6875,0.5,0.634374,0.25,0.634374,0.5,0.615626,0.25,0.5625,0.25,0.5625,0.5,0.606252,0,0.6875,0.5,0.634374,0.25,0.643748,1.1924e-09,0.6875,0.25,0.625,0.75,0.625,0.5,0.625,0.25,0.625,0.5,0.625,0,0.625,0.25,0.6875,0.25,0.6875,0.75,0.6875,0.5,0.6875,0.5,0.5625,0.5,0.5625,0.25,0.5625,0.5,0.5625,0.75,0.5,0.75,0.5,1,0.4375,0.75,0.4375,0.5,0.5625,0.75,0.5625,0.5,0.4375,0.75,0.5,0.5,0.5,0.75,0.4375,0.5,0.5625,0.5,0.5625,0.75,0.5,0.25,0.5,0.5,0.4375,0.25,0.4375,0.5,0.5625,0.25,0.5625,0.5,0.5,0,0.5,0.25,0.4375,0.5,0.4375,0.25,0.5625,0.5,0.5625,0.25,0.5625,0.25,0.5625,0.75,0.5625,0.5,0.5625,0.5,0.4375,0.5,0.4375,0.25,0.4375,0.5,0.4375,0.75]}}],"meshes":[{"aabb":{"min":[-3.0882,-0.485332,-1.23953],"max":[-0.9118,0.485332,2.99249]},"vertices":0,"indices":[0,1,2,2,1,3,4,5,0,1,0,5,6,4,7,4,6,5,8,2,3,2,8,9,10,11,12,11,10,13,14,15,16,16,15,17,18,19,20,19,18,21,22,23,24,23,25,24,26,27,28,26,28,29,30,31,32,31,30,33,34,15,14,15,34,35,11,34,12,35,34,11,36,25,37,25,36,24,20,36,37,36,20,19,38,26,29,26,38,39,32,31,38,39,38,31,40,41,42,41,40,43,44,45,46,44,46,47,48,49,50,49,51,50,52,49,48,49,52,53,54,55,56,55,54,57,58,59,55,59,56,55,60,61,62,61,63,62,64,65,60,65,61,60,66,67,68,67,69,68,67,70,71,70,67,66,72,73,74,73,72,75,76,77,78,76,78,79],"type":"triangles","base":0,"count":168}],"meshInstances":[{"node":1,"mesh":0}]}}