{"model":{"version":3,"nodes":[{"name":"RootNode","position":[0,0,0],"rotation":[0,0,0],"scale":[0.01,0.01,0.01],"scaleCompensation":false},{"name":"pCylinder3","position":[0,0,0],"rotation":[0,0,0],"scale":[3.42486,0.575134,3.42486],"scaleCompensation":false},{"name":"polySurface40","position":[0,0,0],"rotation":[0,-0,0],"scale":[1,1,1],"scaleCompensation":false}],"parents":[-1,0,1],"skins":[],"morphs":[],"vertices":[{"position":{"type":"float32","components":3,"data":[0.637581,-0.998844,-0.637581,0.637581,0.998844,-0.637581,0.75813,-0.998844,-0.431475,0.758129,0.998844,-0.431475,0.758129,-0.998844,0.431476,0.758129,0.998844,0.431476,0.637581,-0.998844,0.637581,0.637581,0.998844,0.637581,0.75813,-0.998844,-0.431475,0.582618,-0.998844,-0.389275,0.637581,-0.998844,-0.637581,0.505176,-0.998844,-0.505176,0.637581,-0.998844,0.637581,0.582618,-0.998844,0.389276,0.758129,-0.998844,0.431476,0.505176,-0.998844,0.505176,0.637581,0.998844,-0.637581,0.582618,0.998844,-0.389275,0.758129,0.998844,-0.431475,0.505176,0.998844,-0.505176,0.637581,0.998844,0.637581,0.758129,0.998844,0.431476,0.582618,0.998844,0.389276,0.505176,0.998844,0.505176,0.582618,0.998844,-0.389275,0.505176,-0.998844,-0.505176,0.582618,-0.998844,-0.389275,0.505176,0.998844,-0.505176,0.505176,0.998844,0.505176,0.582618,-0.998844,0.389276,0.505176,-0.998844,0.505176,0.582618,0.998844,0.389276,1.04048,-0.998846,-0.206863,0.698109,-0.998844,-0.0820333,0.966025,-0.998845,-0.301094,0.665898,-0.998844,-0.18822,0.966025,-0.998845,-0.301094,0.966025,0.998845,-0.301094,1.04048,-0.998846,-0.206863,1.04048,0.998846,-0.206863,0.698109,0.998844,-0.0820333,0.665898,-0.998844,-0.18822,0.698109,-0.998844,-0.0820333,0.665898,0.998844,-0.18822,0.966025,0.998845,-0.301094,0.698109,0.998844,-0.0820333,1.04048,0.998846,-0.206863,0.665898,0.998844,-0.18822,1.04048,-0.998846,0.206863,0.966025,0.998845,0.301095,0.966025,-0.998845,0.301095,1.04048,0.998846,0.206863,0.698109,-0.998844,0.0820338,0.966025,-0.998845,0.301095,0.665897,-0.998844,0.188221,1.04048,-0.998846,0.206863,0.665897,0.998844,0.188221,0.698109,-0.998844,0.0820338,0.665897,-0.998844,0.188221,0.698109,0.998844,0.0820338,0.665897,0.998844,0.188221,0.966025,0.998845,0.301095,0.698109,0.998844,0.0820338,1.04048,0.998846,0.206863,1.11057,-0.998846,-2.11725e-09,1.11057,0.998846,-2.11725e-09,1.04048,-0.998846,-0.206863,1.04048,0.998846,-0.206863,1.11057,-0.998846,-2.11725e-09,1.11057,0.998846,-2.11725e-09,0.714426,-0.998844,-4.9202e-08,1.04048,-0.998846,0.206863,0.698109,-0.998844,0.0820338,1.11057,-0.998846,-2.11725e-09,1.04048,-0.998846,-0.206863,0.698109,-0.998844,-0.0820333,0.698109,0.998844,0.0820338,1.04048,0.998846,0.206863,0.714426,0.998844,-4.9202e-08,1.11057,0.998846,-2.11725e-09,1.04048,0.998846,-0.206863,0.698109,0.998844,-0.0820333,0.714426,0.998844,-4.9202e-08,0.698109,-0.998844,-0.0820333,0.714426,-0.998844,-4.9202e-08,0.698109,0.998844,0.0820338,0.714426,-0.998844,-4.9202e-08,0.714426,0.998844,-4.9202e-08,0.505176,-0.998844,-0.505176,0.505176,0.998844,-0.505176,0.637581,-0.998844,-0.637581,0.637581,0.998844,-0.637581,0.637581,-0.998844,0.637581,0.505176,0.998844,0.505176,0.505176,-0.998844,0.505176,0.637581,0.998844,0.637581]},"normal":{"type":"float32","components":3,"data":[0.863195,1.59248e-07,-0.504871,0.863195,1.59248e-07,-0.504871,0.715606,1.19446e-07,-0.698504,0.715606,1.19446e-07,-0.698504,0.715606,-5.39257e-08,0.698504,0.715606,-5.39257e-08,0.698504,0.863195,-5.9336e-08,0.50487,0.863195,-5.9336e-08,0.50487,-6.30192e-07,-1,-2.4965e-06,2.69376e-07,-1,-1.91497e-06,2.5421e-06,-1,-4.45739e-07,2.5421e-06,-1,-4.45739e-07,2.5421e-06,-1,8.91479e-07,2.69378e-07,-1,2.28068e-06,-6.30193e-07,-1,2.83054e-06,2.5421e-06,-1,8.91479e-07,1.68092e-06,1,4.4574e-07,-2.95203e-07,1,-1.33848e-06,-1.07737e-06,1,-2.04469e-06,1.68092e-06,1,4.4574e-07,2.12363e-06,1,-4.45739e-07,-8.84112e-07,1,2.47718e-06,-3.12008e-08,1,1.64833e-06,2.12363e-06,1,-4.45739e-07,-0.891887,0,0.452258,-0.83147,0,0.555569,-0.891887,0,0.452258,-0.83147,0,0.555569,-0.83147,0,-0.555569,-0.891887,0,-0.452258,-0.83147,0,-0.555569,-0.891887,0,-0.452258,-3.9348e-06,-1,0,-3.9267e-06,-1,0,-2.92337e-06,-1,-1.26635e-06,-2.59786e-06,-1,-1.82117e-06,0.622554,5.1955e-08,-0.782577,0.622554,5.1955e-08,-0.782577,0.901504,1.80799e-09,-0.43277,0.901504,1.80799e-09,-0.43277,-0.968332,0,0.249665,-0.936053,0,0.351858,-0.968332,0,0.249665,-0.936053,0,0.351858,-3.13459e-06,1,-1.15123e-06,-4.218e-06,1,0,-4.23035e-06,1,0,-2.8337e-06,1,-1.65561e-06,0.901504,6.07021e-09,0.43277,0.622554,-2.53923e-08,0.782577,0.622554,-2.53923e-08,0.782577,0.901504,6.07021e-09,0.43277,-3.9267e-06,-1,0,-2.92337e-06,-1,1.38148e-06,-2.59786e-06,-1,1.98673e-06,-3.9348e-06,-1,0,-0.936053,0,-0.351859,-0.968332,0,-0.249666,-0.936053,0,-0.351859,-0.968332,0,-0.249666,-2.7753e-06,1,1.98673e-06,-3.09398e-06,1,1.38148e-06,-4.218e-06,1,0,-4.23035e-06,1,0,0.947112,0,0.320903,0.947112,0,0.320903,0.901504,1.80799e-09,-0.43277,0.901504,1.80799e-09,-0.43277,0.947112,0,-0.320903,0.947112,0,-0.320903,-4.08408e-06,-1,0,-3.9348e-06,-1,0,-3.9267e-06,-1,0,-4.08408e-06,-1,0,-3.9348e-06,-1,0,-3.9267e-06,-1,0,-4.218e-06,1,0,-4.23035e-06,1,0,-4.45777e-06,1,0,-4.45777e-06,1,0,-4.23035e-06,1,0,-4.218e-06,1,0,-0.980785,0,0.19509,-0.968332,0,0.249665,-0.980785,0,0.19509,-0.968332,0,-0.249666,-0.980785,0,-0.195093,-0.980785,0,-0.195093,-0.707107,-1.79132e-08,-0.707107,-0.707107,-1.79132e-08,-0.707107,-0.707107,-1.79131e-08,-0.707107,-0.707107,-1.79132e-08,-0.707107,-0.707107,-1.99178e-08,0.707107,-0.707107,-1.99178e-08,0.707107,-0.707107,-1.99179e-08,0.707107,-0.707107,-1.99178e-08,0.707107]},"texCoord0":{"type":"float32","components":2,"data":[0.500555,0.179132,0.500555,0.821338,0.3805,0.312501,0.3805,0.68844,0.58825,0.312501,0.58825,0.68844,0.594305,0.289618,0.594305,0.710852,0.632434,0.078613,0.627423,0.0711128,0.500555,0.179132,0.610485,0.0457646,0.594305,0.289618,0.627423,0.241387,0.632434,0.233887,0.610485,0.266735,0.500555,0.821338,0.627423,0.928887,0.632434,0.921387,0.610485,0.954235,0.594305,0.710852,0.632434,0.766113,0.627423,0.758613,0.610485,0.733265,0.627423,0.928887,0.610485,0.0457646,0.627423,0.0711128,0.610485,0.954235,0.610485,0.733265,0.627423,0.241387,0.610485,0.266735,0.627423,0.758613,0.645082,0.100106,0.650302,0.12635,0.641898,0.092777,0.645636,0.115085,0.376134,0.316655,0.37633,0.683713,0.375002,0.320851,0.375301,0.678697,0.652681,0.861691,0.645636,0.115085,0.650302,0.12635,0.645636,0.884915,0.641898,0.907223,0.650303,0.87365,0.645082,0.899894,0.645636,0.884915,0.601505,0.3125,0.596949,0.68844,0.596949,0.3125,0.601505,0.68844,0.650302,0.18615,0.641898,0.219723,0.645636,0.197415,0.645082,0.212394,0.645636,0.802585,0.652681,0.174191,0.645636,0.197415,0.650302,0.81385,0.645636,0.802585,0.641898,0.780277,0.650302,0.81385,0.645082,0.787606,0.609375,0.3125,0.609375,0.68844,0.617245,0.3125,0.617245,0.68844,0.609375,0.3125,0.609375,0.68844,0.65625,0.15625,0.650259,0.186368,0.652681,0.174191,0.65625,0.15625,0.650259,0.126132,0.652681,0.138309,0.652681,0.825809,0.650259,0.813632,0.65625,0.84375,0.65625,0.84375,0.650259,0.873868,0.652681,0.861691,0.65625,0.84375,0.652681,0.138309,0.65625,0.15625,0.652681,0.825809,0.65625,0.15625,0.65625,0.84375,0.610485,0.0457646,0.610485,0.954235,0.500555,0.179132,0.500555,0.821338,0.594305,0.289618,0.610485,0.733265,0.610485,0.266735,0.594305,0.710852]}}],"meshes":[{"aabb":{"min":[0.505176,-0.998846,-0.637581],"max":[1.11057,0.998846,0.637581]},"vertices":0,