{"model":{"version":3,"nodes":[{"name":"RootNode","position":[0,0,0],"rotation":[0,0,0],"scale":[0.01,0.01,0.01],"scaleCompensation":false},{"name":"pCylinder4","position":[0,0,0],"rotation":[0,0,0],"scale":[3.14428,0.575108,3.14428],"scaleCompensation":false},{"name":"polySurface42","position":[0,0,0],"rotation":[0,-0,0],"scale":[1,1,1],"scaleCompensation":false}],"parents":[-1,0,1],"skins":[],"morphs":[],"vertices":[{"position":{"type":"float32","components":3,"data":[0.809018,-1,-0.587786,0.809018,1,-0.587786,0.951057,-1,-0.309017,0.951057,1,-0.309017,0.587786,1,-0.809017,0.587786,-1,-0.809017,0.309017,-1,-0.951057,0.309017,1,-0.951057,1.13526e-17,-1,-1,0,1,-1,-0.309017,-1,-0.951057,-0.309017,1,-0.951057,-0.587785,-1,-0.809017,-0.587785,1,-0.809017,-0.809017,1,-0.587785,-0.809017,-1,-0.587785,-0.951057,1,-0.309017,-0.951057,-1,-0.309017,-1,-1,-1.38778e-17,-1,1,-5.05047e-18,0.951057,-1,-0.309017,0.951057,1,-0.309017,1,-1,0,1,1,8.82732e-18,0.736687,-1,-0.239365,0.809018,-1,-0.587786,0.951057,-1,-0.309017,0.626664,-1,-0.455298,0.587786,-1,-0.809017,0.455298,-1,-0.626664,0.239364,-1,-0.736687,0.309017,-1,-0.951057,2.72049e-08,-1,-0.774599,1.13526e-17,-1,-1,-0.239364,-1,-0.736687,-0.309017,-1,-0.951057,-0.587785,-1,-0.809017,-0.455298,-1,-0.626664,-0.809017,-1,-0.587785,-0.626664,-1,-0.455298,-0.736687,-1,-0.239364,-0.951057,-1,-0.309017,-0.774599,-1,0,-1,-1,-1.38778e-17,1,-1,0,0.774599,-1,-2.27841e-07,0.809018,1,-0.587786,0.736687,1,-0.239365,0.951057,1,-0.309017,0.626664,1,-0.455298,0.587786,1,-0.809017,0.455298,1,-0.626664,0.309017,1,-0.951057,0.239364,1,-0.736687,0,1,-1,2.72049e-08,1,-0.774599,-0.239364,1,-0.736687,-0.309017,1,-0.951057,-0.587785,1,-0.809017,-0.455298,1,-0.626664,-0.809017,1,-0.587785,-0.626664,1,-0.455298,-0.736687,1,-0.239364,-0.951057,1,-0.309017,-0.774599,1,8.82732e-18,-1,1,-5.05047e-18,1,1,8.82732e-18,0.774599,1,-2.27841e-07,0.736687,1,-0.239365,0.626664,-1,-0.455298,0.736687,-1,-0.239365,0.626664,1,-0.455298,0.774599,1,-2.27841e-07,0.736687,-1,-0.239365,0.774599,-1,-2.27841e-07,0.736687,1,-0.239365,-0.736687,-1,-0.239364,-0.736687,1,-0.239364,-0.774599,-1,0,-0.774599,1,8.82732e-18,-0.626664,-1,-0.455298,-0.626664,1,-0.455298,-0.736687,-1,-0.239364,-0.736687,1,-0.239364,-0.455298,-1,-0.626664,-0.455298,1,-0.626664,-0.626664,-1,-0.455298,-0.626664,1,-0.455298,-0.455298,1,-0.626664,-0.455298,-1,-0.626664,-0.239364,1,-0.736687,-0.239364,-1,-0.736687,-0.239364,1,-0.736687,-0.239364,-1,-0.736687,2.72049e-08,1,-0.774599,2.72049e-08,-1,-0.774599,2.72049e-08,1,-0.774599,2.72049e-08,-1,-0.774599,0.239364,1,-0.736687,0.239364,-1,-0.736687,0.239364,1,-0.736687,0.239364,-1,-0.736687,0.455298,1,-0.626664,0.455298,-1,-0.626664,0.455298,1,-0.626664,0.455298,-1,-0.626664,0.626664,1,-0.455298,0.626664,-1,-0.455298,-1,1,-5.05047e-18,-1,-1,-1.38778e-17,-0.774599,1,8.82732e-18,-0.774599,-1,0,0.774599,1,-2.27841e-07,0.774599,-1,-2.27841e-07,1,1,8.82732e-18,1,-1,0]},"normal":{"type":"float32","components":3,"data":[0.809017,0,-0.587785,0.809017,0,-0.587785,0.951057,7.14145e-18,-0.309016,0.951057,7.14145e-18,-0.309016,0.587785,0,-0.809017,0.587785,0,-0.809017,0.309017,0,-0.951057,0.309017,0,-0.951057,0,0,-1,0,0,-1,-0.309017,0,-0.951056,-0.309017,0,-0.951056,-0.587786,0,-0.809017,-0.587786,0,-0.809017,-0.809017,0,-0.587785,-0.809017,0,-0.587785,-0.951057,0,-0.309017,-0.951057,0,-0.309017,-0.987688,0,-0.156434,-0.987688,0,-0.156434,0.951057,7.14145e-18,-0.309016,0.951057,7.14145e-18,-0.309016,0.987689,1.41071e-17,-0.156432,0.987689,1.41071e-17,-0.156432,0,-1,1.20554e-07,0,-1,6.0993e-14,0,-1,1.20554e-07,0,-1,0,0,-1,-6.02768e-08,0,-1,-6.02768e-08,0,-1,2.01844e-07,0,-1,2.01844e-07,0,-1,2.01844e-07,0,-1,2.01844e-07,0,-1,1.80831e-07,0,-1,1.80831e-07,0,-1,1.20554e-07,0,-1,1.20554e-07,0,-1,1.20554e-07,0,-1,1.20554e-07,0,-1,1.20554e-07,0,-1,1.20554e-07,0,-1,0,0,-1,0,0,-1,0,0,-1,0,0,1,-1.20554e-07,0,1,1.20554e-07,0,1,1.20554e-07,0,1,-1.20554e-07,0,1,-2.41107e-07,0,1,-2.41107e-07,0,1,6.02769e-08,0,1,6.02769e-08,0,1,3.9263e-08,0,1,3.9263e-08,0,1,3.9263e-08,0,1,3.9263e-08,0,1,-6.02768e-08,0,1,-6.02769e-08,0,1,-4.0662e-14,0,1,-5.82205e-14,0,1,1.20554e-07,0,1,1.20554e-07,0,1,0,0,1,0,0,1,0,0,1,0,-0.891006,0,0.453991,-0.891006,0,0.453991,-0.891006,0,0.453991,-0.891006,0,0.453991,-0.987689,0,0.156433,-0.987689,0,0.156433,-0.987689,0,0.156433,-0.987689,0,0.156433,0.987688,-1.41071e-17,0.156434,0.987688,-1.41071e-17,0.156434,0.987688,-1.41071e-17,0.156434,0.987688,-1.41071e-17,0.156434,0.891007,0,0.45399,0.891007,0,0.45399,0.891007,0,0.45399,0.891007,0,0.45399,0.707107,0,0.707106,0.707107,0,0.707106,0.707107,0,0.707106,0.707107,0,0.707106,0.453991,0,0.891006,0.453991,0,0.891006,0.453991,0,0.891006,0.453991,0,0.891006,0.156434,0,0.987688,0.156434,0,0.987688,0.156434,0,0.987688,0.156434,0,0.987688,-0.156434,0,0.987688,-0.156434,0,0.987688,-0.156434,0,0.987688,-0.156434,0,0.987688,-0.45399,0,0.891007,-0.45399,0,0.891007,-0.45399,0,0.891007,-0.45399,0,0.891007,-0.707107,0,0.707107,-0.707107,0,0.707107,-0.707107,0,0.707107,-0.707107,0,0.707107,-6.15692e-17,-4.41366e-18,1,-6.15692e-17,-4.41366e-18,1,-6.15692e-17,-4.41366e-18,1,-6.15692e-17,-4.41366e-18,1,-1.01082e-06,0,1,-1.01082e-06,0,1,-1.01082e-06,0,1,-1.01082e-06,0,1]},"texCoord0":{"type":"float32","components":2,"data":[0.3875,0.3125,0.3875,0.68844,0.375,0.3125,0.375,0.68844,0.4,0.68844,0.4,0.3125,0.4125,0.3125,0.4125,0.68844,0.425,0.3125,0.425,0.68844,0.4375,0.3125,0.4375,0.68844,0.45,0.3125,0.45,0.68844,0.4625,0.68844,0.4625,0.3125,0.475,0.68844,0.475,0.3125,0.415625,0.234375,0.415625,0.766095,0.625,0.3125,0.625,0.68844,0.634375,0.234375,0.634375,0.766095,0.648603,0.107966,0.626409,0.0644085,0.648603,0.107966,0.626409,0.0644085,0.591842,0.029841,0.591842,0.029841,0.548284,0.00764734,0.548284,0.00764734,0.5,-7.45058e-08,0.5,-7.45058e-08,0.451716,0.00764735,0.451716,0.00764735,0.408159,0.0298411,0.408159,0.0298411,0.373591,0.0644085,0.373591,0.0644085,0.351397,0.107966,0.351397,0.107966,0.34375,0.15625,0.415625,0.234375,0.634375,0.234375,0.65625,0.15625,0.626409,0.935591,0.648603,0.892034,0.648603,0.892034,0.626409,0.935591,0.591841,0.970159,0.591841,0.970159,0.548284,0.992353,0.548284,0.992353,0.5,1,0.5,1,0.451716,0.992353,0.451716,0.992353,0.408159,0.970159,0.408159,0.970159,0.373591,0.935591,0.373591,0.935591,0.351397,0.892034,0.351397,0.892034,0.34375,0.84375,0.415625,0.766095,0.634375,0.766095,0.65625,0.84375,0.648603,0.892034,0.626409,0.0644085,0.648603,0.107966,0.626409,0.935591,0.65625,0.84375,0.648603,0.107966,0.65625,0.15625,0.648603,0.892034,0.351397,0.107966,0.351397,0.892034,0.34375,0.15625,0.34375,0.84375,0.373591,0.0644085,0.373591,0.935591,0.351397,0.107966,0.351397,0.892034,0.408159,0.0298411,0.408159,0.970159,0.373591,0.0644085,0.373591,0.935591,0.408159,0.970159,0.408159,0.0298411,0.451716,0.992353,0.451716,0.00764735,0.451716,0.992353,0.451716,0.00764735,0.5,1,0.5,-7.45058e-08,0.5,1,0.5,-7.45058e-08,0.548284,0.992353,0.548284,0.00764734,0.548284,0.992353,0.548284,0.00764734,0.591841,0.970159,0.591842,0.029841,0.591841,0.970159,0.591842,0.029841,0.626409,0.935591,0.626409,0.0644085,0.415625,0.766095,0.415625,0.234375,0.34375,0.84375,0.34375,0.15625,0.65625,0.84375,0.65625,0.15625,0.634375,0.766095,0.634375,0.234375]}}],"meshes":[{"aabb":{"min":[-1,-1,-1],"max":[1,1,8.82732e-18]},"vertices":0,