{"model":{"version":3,"nodes":[{"name":"RootNode","position":[0,0,0],"rotation":[0,0,0],"scale":[0.01,0.01,0.01],"scaleCompensation":false},{"name":"ring3:pPipe2","position":[0,0,0],"rotation":[0,0,0],"scale":[1,1,1],"scaleCompensation":false},{"name":"polySurface2","position":[0,0,0],"rotation":[0,-0,0],"scale":[1,1,1],"scaleCompensation":false}],"parents":[-1,0,1],"skins":[],"morphs":[],"vertices":[{"position":{"type":"float32","components":3,"data":[-0.915131,-0.467402,2.20933,-0.684849,0.467401,2.10072,-0.684849,-0.467402,2.10072,-0.915131,0.467402,2.20933,0.684851,0.467401,2.10072,0.915133,-0.467402,2.20933,0.684851,-0.467402,2.10072,0.915133,0.467402,2.20933,-0.342424,-0.467402,2.16883,7.99056e-07,0.467401,1.91761,7.99056e-07,-0.467401,1.91761,-0.342424,0.467401,2.16883,0.342426,-0.467402,2.16883,0.342426,0.467401,2.16883,1.82306e-06,0.4674,3.59835,-0.342424,0.467401,2.16883,-0.536017,0.4674,3.22504,7.99056e-07,0.467401,1.91761,1.08642,0.4674,2.93824,0.342426,0.467401,2.16883,0.53602,0.4674,3.22504,0.684851,0.467401,2.10072,-0.536017,0.4674,3.22504,1.82306e-06,-0.4674,3.59835,1.82306e-06,0.4674,3.59835,-0.536017,-0.4674,3.22504,0.53602,-0.4674,3.22504,1.08642,0.4674,2.93824,0.53602,0.4674,3.22504,1.08642,-0.4674,2.93824,-0.342424,-0.467402,2.16883,1.82306e-06,-0.4674,3.59835,-0.536017,-0.4674,3.22504,7.99056e-07,-0.467401,1.91761,0.53602,-0.4674,3.22504,0.342426,-0.467402,2.16883,1.08642,-0.4674,2.93824,0.684851,-0.467402,2.10072,-1.08641,0.4674,2.93824,-0.915131,0.467402,2.20933,-1.17041,0.4674,2.82562,-0.684849,0.467401,2.10072,0.915133,0.467402,2.20933,1.17041,0.4674,2.82562,-1.17041,0.4674,2.82562,-1.17041,-0.4674,2.82562,-1.08641,0.4674,2.93824,-1.08641,-0.4674,2.93824,1.17041,0.4674,2.82562,1.17041,-0.4674,2.82562,-0.684849,-0.467402,2.10072,-1.08641,-0.4674,2.93824,-0.915131,-0.467402,2.20933,-1.17041,-0.4674,2.82562,0.915133,-0.467402,2.20933,1.17041,-0.4674,2.82562,1.17041,0.4674,2.82562,0.915133,-0.467402,2.20933,0.915133,0.467402,2.20933,1.17041,-0.4674,2.82562,-1.17041,-0.4674,2.82562,-1.17041,0.4674,2.82562,-0.915131,-0.467402,2.20933,-0.915131,0.467402,2.20933]},"normal":{"type":"float32","components":3,"data":[-0.426569,0,-0.904455,-0.0705343,0,-0.997509,-0.0705343,0,-0.997509,-0.426569,0,-0.904455,0.0705339,0,-0.997509,0.42657,0,-0.904455,0.0705338,0,-0.997509,0.42657,0,-0.904455,-0.258298,0,-0.966065,-3.25992e-07,0,-1,-3.25992e-07,0,-1,-0.258298,0,-0.966065,0.258297,0,-0.966066,0.258297,0,-0.966066,1.7028e-13,1,9.34369e-07,3.01228e-07,1,1.10904e-06,3.14117e-07,1,1.10411e-06,1.49787e-13,1,9.34369e-07,2.92548e-07,1,1.62255e-06,-3.01227e-07,1,1.09637e-06,-3.14116e-07,1,1.09172e-06,4.05171e-07,1,1.53549e-06,-0.519266,0,0.854613,2.27187e-07,0,1,2.65051e-07,0,1,-0.519266,0,0.854613,0.519267,0,0.854612,0.532808,0,0.846236,0.519267,0,0.854612,0.532808,0,0.846236,3.04992e-07,-1,1.17352e-06,1.21629e-13,-1,1.00802e-06,3.18432e-07,-1,1.16815e-06,7.48935e-14,-1,1.00802e-06,-3.18431e-07,-1,1.19895e-06,-3.04991e-07,-1,1.20387e-06,4.00865e-07,-1,1.6846e-06,4.82759e-07,-1,1.6235e-06,-2.92547e-07,1,1.65861e-06,1.38383e-06,1,2.98325e-06,1.38383e-06,1,2.98325e-06,-4.05169e-07,1,1.56961e-06,-1.38384e-06,1,2.9184e-06,-1.38384e-06,1,2.9184e-06,-0.801599,0,0.597862,-0.801599,0,0.597862,-0.532807,0,0.846237,-0.532807,0,0.846237,0.801599,0,0.597862,0.801599,0,0.597862,-4.82756e-07,-1,1.63966e-06,-4.00863e-07,-1,1.71199e-06,8.18126e-07,-1,2.78869e-06,8.18126e-07,-1,2.78869e-06,-8.18133e-07,-1,2.59414e-06,-8.18133e-07,-1,2.59414e-06,0.923879,0,-0.382685,0.923879,0,-0.382685,0.923879,0,-0.382685,0.923879,0,-0.382685,-0.92388,0,-0.382683,-0.92388,0,-0.382683,-0.92388,0,-0.382683,-0.92388,0,-0.382683]},"texCoord0":{"type":"float32","components":2,"data":[0.6875,0.5,0.699999,0.75,0.699999,1,0.6875,0.75,0.800001,0.75,0.8125,0.5,0.800001,1,0.8125,0.75,0.724999,1,0.75,0.75,0.75,1,0.724999,0.75,0.775001,1,0.775001,0.75,0.75,0.5,0.724999,0.75,0.721875,0.5,0.75,0.75,0.806251,0.5,0.775001,0.75,0.778125,0.5,0.800001,0.75,0.721875,0.5,0.75,0.25,0.75,0.5,0.721875,0.25,0.778125,0.25,0.806251,0.5,0.778125,0.5,0.806251,0.25,0.724999,0,0.75,0.25,0.721875,0.25,0.75,0,0.778125,0.25,0.775001,1.58987e-09,0.806251,0.25,0.800001,3.17973e-09,0.693749,0.5,0.6875,0.75,0.6875,0.5,0.699999,0.75,0.8125,0.75,0.8125,0.5,0.6875,0.5,0.6875,0.25,0.693749,0.5,0.693749,0.25,0.8125,0.5,0.8125,0.25,0.699999,0,0.693749,0.25,0.6875,0.5,0.6875,0.25,0.8125,0.5,0.8125,0.25,0.8125,0.5,0.8125,0.5,0.8125,0.75,0.8125,0.25,0.6875,0.25,0.6875,0.5,0.6875,0.5,0.6875,0.75]}}],"meshes":[{"aabb":{"min":[-1.17041,-0.467402,1.91761],"max":[1.17041,0.467402,3.59835]},"vertices":0,"indices":[0,1,2,1,0,3,4,5,6,5,4,7,8,9,10,9,8,11,12,13,6,6,13,4,14,15,16,15,14,17,18,19,20,19,18,21,22,23,24,23,22,25,26,27,28,27,26,29,30,31,32,33,31,30,34,35,36,36,35,37,38,39,40,39,38,41,21,18,42,42,18,43,44,45,46,47,46,45,29,48,27,48,29,49,50,51,52,52,51,53,36,54,55,54,36,37,2,11,8,11,2,1,38,15,41,15,38,16,46,25,22,25,46,47,30,51,50,51,30,32,10,13,12,13,10,9,14,19,17,19,14,20,28,23,26,23,28,24,31,35,34,31,33,35,56,57,58,57,56,59,60,61,62,61,63,62],"type":"triangles","base":0,"count":156}],"meshInstances":[{"node":2,"mesh":0}]}}