{"model":{"version":3,"nodes":[{"name":"RootNode","position":[0,0,0],"rotation":[0,0,0],"scale":[0.01,0.01,0.01],"scaleCompensation":false},{"name":"pCylinder2","position":[0,0,0],"rotation":[0,0,0],"scale":[5,0.7,5],"scaleCompensation":false}],"parents":[-1,0],"skins":[],"morphs":[],"vertices":[{"position":{"type":"float32","components":3,"data":[0.809018,-1,-0.587786,0.809018,1,-0.587786,0.951057,-1,-0.309017,0.951057,1,-0.309017,0.587786,1,-0.809017,0.587786,-1,-0.809017,0.309017,1,-0.951057,0.309017,-1,-0.951057,0,1,-1,0,-1,-1,-0.309017,1,-0.951057,0,-1,-1,-0.309017,-1,-0.951057,0,1,-1,-0.587785,-1,-0.809017,-0.587785,1,-0.809017,-0.809017,1,-0.587785,-0.809017,-1,-0.587785,-0.951057,1,-0.309017,-0.951057,-1,-0.309017,-1,1,0,-1,-1,0,-0.951057,1,0.309017,-0.951057,-1,0.309017,-0.809017,1,0.587785,-0.809017,-1,0.587785,-0.587785,1,0.809017,-0.587785,-1,0.809017,-0.309017,1,0.951057,-0.309017,-1,0.951057,-2.98023e-08,1,1,-2.98023e-08,-1,1,0.309017,1,0.951057,0.309017,-1,0.951057,0.587785,1,0.809017,0.587785,-1,0.809017,0.809017,-1,0.587785,0.809017,1,0.587785,0.951057,-1,0.309017,0.951057,1,0.309017,1,-1,0,1,1,0,0.809018,-1,-0.587786,0.951057,-1,-0.309017,0,-1,0,0.587786,-1,-0.809017,0.309017,-1,-0.951057,0,-1,-1,-0.309017,-1,-0.951057,-0.587785,-1,-0.809017,-0.809017,-1,-0.587785,-0.951057,-1,-0.309017,-1,-1,0,-0.951057,-1,0.309017,-0.809017,-1,0.587785,-0.587785,-1,0.809017,-0.309017,-1,0.951057,-2.98023e-08,-1,1,0.309017,-1,0.951057,0.587785,-1,0.809017,0.809017,-1,0.587785,0.951057,-1,0.309017,1,-1,0,0.951057,1,-0.309017,0.809018,1,-0.587786,0,1,0,0.587786,1,-0.809017,0.309017,1,-0.951057,0,1,-1,-0.309017,1,-0.951057,-0.587785,1,-0.809017,-0.809017,1,-0.587785,-0.951057,1,-0.309017,-1,1,0,-0.951057,1,0.309017,-0.809017,1,0.587785,-0.587785,1,0.809017,-0.309017,1,0.951057,-2.98023e-08,1,1,0.309017,1,0.951057,0.587785,1,0.809017,0.809017,1,0.587785,0.951057,1,0.309017,1,1,0]},"normal":{"type":"float32","components":3,"data":[0.809017,0,-0.587785,0.809017,0,-0.587785,0.951057,0,-0.309016,0.951057,0,-0.309016,0.587785,0,-0.809017,0.587785,0,-0.809017,0.309017,0,-0.951057,0.309017,0,-0.951057,-1.91866e-07,0,-1,-1.91866e-07,0,-1,-0.309017,0,-0.951056,-1.91866e-07,0,-1,-0.309017,0,-0.951056,-1.91866e-07,0,-1,-0.587785,0,-0.809017,-0.587785,0,-0.809017,-0.809017,0,-0.587785,-0.809017,0,-0.587785,-0.951057,0,-0.309017,-0.951057,0,-0.309017,-1,0,0,-1,0,0,-0.951056,0,0.309017,-0.951056,0,0.309017,-0.809017,0,0.587785,-0.809017,0,0.587785,-0.587785,0,0.809017,-0.587785,0,0.809017,-0.309017,0,0.951057,-0.309017,0,0.951057,9.20956e-08,0,1,9.20956e-08,0,1,0.309017,0,0.951056,0.309017,0,0.951056,0.587785,0,0.809017,0.587785,0,0.809017,0.809017,0,0.587785,0.809017,0,0.587785,0.951057,0,0.309017,0.951057,0,0.309017,1,0,8.59559e-07,1,0,8.59559e-07,0,-1,0,0,-1,0,0,-1,0,0,-1,0,0,-1,0,0,-1,0,0,-1,0,0,-1,0,0,-1,0,0,-1,0,0,-1,0,0,-1,0,0,-1,0,0,-1,0,0,-1,0,0,-1,0,0,-1,0,0,-1,0,0,-1,0,0,-1,0,0,-1,0,0,1,0,0,1,0,0,1,0,0,1,0,0,1,0,0,1,0,0,1,0,0,1,0,0,1,0,0,1,0,0,1,0,0,1,0,0,1,0,0,1,0,0,1,0,0,1,0,0,1,0,0,1,0,0,1,0,0,1,0,0,1,0]},"texCoord0":{"type":"float32","components":2,"data":[1.59499,0.389589,1.59499,0.610411,1.43857,0.389589,1.43857,0.610411,1.75142,0.610411,1.75142,0.389589,1.90784,0.610411,1.90784,0.389589,2.06426,0.610411,2.06426,0.389589,-0.907777,0.610411,-1.0642,0.389589,-0.907777,0.389589,-1.0642,0.610411,-0.751354,0.389589,-0.751354,0.610411,-0.59493,0.610411,-0.59493,0.389589,-0.438507,0.610411,-0.438507,0.389589,-0.282084,0.610411,-0.282084,0.389589,-0.125661,0.610411,-0.125661,0.389589,0.0307624,0.610411,0.0307624,0.389589,0.187186,0.610411,0.187186,0.389589,0.343609,0.610411,0.343609,0.389589,0.500032,0.610411,0.500032,0.389589,0.656455,0.610411,0.656455,0.389589,0.812878,0.610411,0.812878,0.389589,0.969301,0.389589,0.969301,0.610411,1.12572,0.389589,1.12572,0.610411,1.28215,0.389589,1.28215,0.610411,0,0,0,0,0,0,0,0,0,0,0,0,0,0,0,0,0,0,0,0,0,0,0,0,0,0,0,0,0,0,0,0,0,0,0,0,0,0,0,0,0,0,0.973634,1.66281,0.902897,1.80164,0.5,1.50892,0.792722,1.91182,0.653893,1.98255,0.5,2.00693,0.346107,1.98255,0.207278,1.91182,0.097103,1.80164,0.0263663,1.66281,0.00199203,1.50892,0.0263663,1.35503,0.0971031,1.2162,0.207278,1.10602,0.346107,1.03529,0.5,1.01091,0.653893,1.03529,0.792722,1.10602,0.902897,1.2162,0.973634,1.35503,0.998008,1.50892]}}],"meshes":[{"aabb":{"min":[-1,-1,-1],"max":[1,1,1]},"vertices":0,"indices":[0,1,2,3,2,1,4,0,5,0,4,1,6,5,7,5,6,4,8,7,9,7,8,6,10,11,12,11,10,13,14,15,12,12,15,10,16,14,17,14,16,15,18,17,19,17,18,16,20,19,21,19,20,18,22,21,23,21,22,20,24,23,25,23,24,22,24,25,26,26,25,27,26,27,28,28,27,29,28,29,30,30,29,31,30,31,32,32,31,33,32,33,34,34,33,35,36,37,35,34,35,37,38,39,36,37,36,39,40,41,38,39,38,41,2,3,40,41,40,3],"type":"triangles","base":0,"count":120},{"aabb":{"min":[-1,-1,-1],"max":[1,1,1]},"vertices":0,"indices":[42,43,44,45,42,44,46,45,44,47,46,44,48,47,44,49,48,44,50,49,44,51,50,44,52,51,44,53,52,44,54,53,44,55,54,44,56,55,44,57,56,44,58,57,44,59,58,44,60,59,44,61,60,44,62,61,44,43,62,44],"type":"triangles","base":0,"count":60},{"aabb":{"min":[-1,-1,-1],"max":[1,1,1]},"vertices":0,"indices":[63,64,65,64,66,65,66,67,65,67,68,65,68,69,65,69,70,65,70,71,65,71,72,65,72,73,65,73,74,65,74,75,65,75,76,65,76,77,65,77,78,65,78,79,65,79,80,65,80,81,65,81,82,65,82,83,65,83,63,65],"type":"triangles","base":0,"count":60}],"meshInstances":[{"node":1,"mesh":0},{"node":1,"mesh":1},{"node":1,"mesh":2}]}}