{"model":{"version":3,"nodes":[{"name":"RootNode","position":[0,0,0],"rotation":[0,0,0],"scale":[0.01,0.01,0.01],"scaleCompensation":false},{"name":"ring12345:pPipe6","position":[-27.6546,0,0],"rotation":[0,0,0],"scale":[1.67918,0.27585,1.67918],"scaleCompensation":false},{"name":"ring12345:polySurface24","position":[0,0,0],"rotation":[0,-0,0],"scale":[1,1,1],"scaleCompensation":false}],"parents":[-1,0,1],"skins":[],"morphs":[],"vertices":[{"position":{"type":"float32","components":3,"data":[15.657,-1.77307,0.294076,15.657,1.77307,0.294076,15.7145,-1.77307,0.393673,15.7145,1.77307,0.393673,16.0351,-1.77307,0.744626,16.1431,1.77307,0.783961,16.1431,-1.77307,0.78396,16.0351,1.77307,0.744626,15.947,-1.77307,0.670702,15.947,1.77307,0.670705,16.6143,-1.77307,0.846757,16.7224,1.77307,0.807424,16.7224,-1.77307,0.807424,16.6143,1.77307,0.846757,16.4993,-1.77307,0.846757,16.4993,1.77307,0.846759,17.0355,1.77307,0.626605,17.1236,-1.77307,0.552682,17.0355,-1.77307,0.626605,17.1236,1.77307,0.552682,15.7145,1.77307,0.393673,15.7571,1.77306,1.0649,15.947,1.77307,0.670705,15.2205,1.77306,0.548905,16.6082,1.77306,1.27339,16.1431,1.77307,0.783961,15.865,1.77306,1.22177,16.4993,1.77307,0.846759,16.7224,1.77307,0.807424,17.3942,1.77306,0.886054,17.0355,1.77307,0.626605,16.7912,1.77306,1.32296,15.2205,1.77306,0.548905,15.2205,-1.77306,0.548905,15.7571,1.77306,1.0649,15.7571,-1.77306,1.0649,15.865,1.77306,1.22177,15.865,-1.77306,1.22177,16.6082,1.77306,1.27339,16.6082,-1.77306,1.27339,16.7912,1.77306,1.32296,16.7912,-1.77306,1.32296,17.3942,1.77306,0.886054,17.3942,-1.77306,0.886054,15.7571,-1.77306,1.0649,15.2205,-1.77306,0.548905,15.7145,-1.77307,0.393673,15.947,-1.77307,0.670702,16.1431,-1.77307,0.78396,16.6082,-1.77306,1.27339,15.865,-1.77306,1.22177,16.4993,-1.77307,0.846757,17.0355,-1.77307,0.626605,17.3942,-1.77306,0.886054,16.7224,-1.77307,0.807424,16.7912,-1.77306,1.32296,15.657,1.77307,0.294076,15.1751,1.77306,0.470246,16.0351,1.77307,0.744626,15.7796,1.77306,1.19071,16.6143,1.77307,0.846757,16.7058,1.77306,1.35402,17.1236,1.77307,0.552682,17.5203,1.77306,0.883774,15.1751,1.77306,0.470246,15.1751,-1.77306,0.470246,15.7796,-1.77306,1.19071,15.7796,1.77306,1.19071,16.7058,1.77306,1.35402,16.7058,-1.77306,1.35402,17.5203,1.77306,0.883774,17.5203,-1.77306,0.883774,15.657,-1.77307,0.294076,15.1751,-1.77306,0.470246,16.0351,-1.77307,0.744626,15.7796,-1.77306,1.19071,16.6143,-1.77307,0.846757,16.7058,-1.77306,1.35402,17.1236,-1.77307,0.552682,17.5203,-1.77306,0.883774,17.1236,-1.77307,0.552682,17.1236,1.77307,0.552682,17.5203,-1.77306,0.883774,17.5203,1.77306,0.883774,15.1751,-1.77306,0.470246,15.657,1.77307,0.294076,15.657,-1.77307,0.294076,15.1751,1.77306,0.470246]},"normal":{"type":"float32","components":3,"data":[0.866031,6.23504e-08,-0.499991,0.866031,6.23504e-08,-0.499991,0.792372,2.30485e-07,-0.610038,0.792372,2.30485e-07,-0.610038,0.500003,5.88161e-07,-0.866024,0.214873,3.60523e-07,-0.976642,0.214873,3.60523e-07,-0.976642,0.500003,5.88161e-07,-0.866024,0.738357,3.64292e-07,-0.67441,0.738357,3.64292e-07,-0.67441,-0.173647,7.9732e-08,-0.984808,-0.463173,-3.92721e-08,-0.886268,-0.463173,-3.92721e-08,-0.886268,-0.173646,7.97324e-08,-0.984808,0.132115,3.06393e-07,-0.991234,0.132115,3.06393e-07,-0.991234,-0.535943,0,-0.844254,-0.64277,0,-0.76606,-0.535943,0,-0.844254,-0.64277,0,-0.76606,-7.65584e-06,1,7.54487e-06,-8.99076e-06,1,7.17571e-06,-8.16073e-06,1,7.75841e-06,-7.7179e-06,1,6.90409e-06,-2.44851e-06,1,1.14343e-05,-1.1097e-06,1,1.09234e-05,-1.41045e-06,1,1.06493e-05,-1.47846e-06,1,1.12869e-05,6.15008e-06,1,8.74115e-06,5.45442e-06,1,9.94415e-06,6.13114e-06,1,9.27382e-06,5.68657e-06,1,8.66817e-06,-0.714645,0,0.699487,-0.714645,0,0.699487,-0.754001,0,0.656873,-0.754001,0,0.656873,-0.0993013,0,0.995057,-0.0993013,0,0.995057,-0.15537,0,0.987856,-0.15537,0,0.987856,0.562223,0,0.826985,0.562223,0,0.826985,0.515959,0,0.856613,0.515959,0,0.856613,-9.16106e-06,-1,7.26647e-06,-7.717e-06,-1,7.2391e-06,-7.72496e-06,-1,7.5182e-06,-8.31045e-06,-1,7.57441e-06,-9.35018e-07,-1,1.09362e-05,-2.26533e-06,-1,1.14786e-05,-1.27514e-06,-1,1.04837e-05,-1.27778e-06,-1,1.14147e-05,5.97364e-06,-1,9.49126e-06,5.34362e-06,-1,1.0122e-05,5.97454e-06,-1,8.91754e-06,5.52566e-06,-1,8.77377e-06,-8.05366e-06,1,3.43756e-06,-8.05366e-06,1,3.43756e-06,-7.549e-06,1,7.0186e-06,-5.97091e-06,1,7.7666e-06,-1.48976e-06,1,1.00516e-05,1.20633e-07,1,9.42909e-06,2.41815e-06,1,1.29518e-05,2.41815e-06,1,1.29518e-05,-0.866033,0,0.499987,-0.866033,0,0.499987,-0.82405,0,0.566517,-0.82405,0,0.566517,-0.261445,0,0.965218,-0.261445,0,0.965218,0.0180701,0,0.999837,0.0180701,0,0.999837,-7.67391e-06,-1,5.72924e-06,-7.67391e-06,-1,5.72924e-06,-7.71415e-06,-1,7.0211e-06,-6.1064e-06,-1,7.36643e-06,-1.48333e-06,-1,9.74715e-06,9.67809e-08,-1,9.13148e-06,2.51684e-06,-1,1.29518e-05,2.51684e-06,-1,1.29518e-05,0.640785,0,-0.767721,0.640785,0,-0.767721,0.640785,0,-0.767721,0.640785,0,-0.767721,-0.343336,0,-0.939213,-0.343336,0,-0.939213,-0.343336,0,-0.939213,-0.343336,0,-0.939213]},"texCoord0":{"type":"float32","components":2,"data":[0.555556,0.5,0.555556,0.75,0.577776,1,0.577776,0.75,0.666667,1,0.688887,0.75,0.688887,1,0.666667,0.75,0.644447,1,0.644447,0.75,0.777778,1,0.799998,0.75,0.799998,1,0.777778,0.75,0.755558,1,0.755558,0.75,0.866669,0.75,0.888889,0.5,0.866669,1,0.888889,0.75,0.577776,0.75,0.655557,0.5,0.644447,0.75,0.566666,0.5,0.766668,0.5,0.688887,0.75,0.677777,0.5,0.755558,0.75,0.799998,0.75,0.877779,0.5,0.866669,0.75,0.788888,0.5,0.566666,0.5,0.566666,0.25,0.655557,0.5,0.655557,0.25,0.677777,0.5,0.677777,0.25,0.766668,0.5,0.766668,0.25,0.788888,0.5,0.788888,0.25,0.877779,0.5,0.877779,0.25,0.655557,0.25,0.566666,0.25,0.577776,3.38109e-09,0.644447,0,0.688887,1.23973e-08,0.766668,0.25,0.677777,0.25,0.755558,4.50811e-09,0.866669,0,0.877779,0.25,0.799998,0,0.788888,0.25,0.555556,0.75,0.555556,0.5,0.666667,0.75,0.666667,0.5,0.777778,0.75,0.777778,0.5,0.888889,0.75,0.888889,0.5,0.555556,0.5,0.555556,0.25,0.666667,0.25,0.666667,0.5,0.777778,0.5,0.777778,0.25,0.888889,0.5,0.888889,0.25,0.555556,0.5,0.555556,0.25,0.666667,0,0.666667,0.25,0.777778,0,0.777778,0.25,0.888889,0.5,0.888889,0.25,0.888889,0.5,0.888889,0.75,0.888889,0.25,0.888889,0.5,0.555556,0.25,0.555556,0.75,0.555556,0.5,0.555556,0.5]}}],"meshes":[{"aabb":{"min":[15.1751,-1.77307,0.294076],"max":[17.5203,1.77307,1.35402]},"vertices":0,"indices":[0,1,2,3,2,1,4,5,6,5,4,7,8,7,4,7,8,9,10,11,12,11,10,13,14,13,10,13,14,15,16,17,18,17,16,19,2,9,8,9,2,3,6,5,14,14,5,15,12,16,18,16,12,11,20,21,22,21,20,23,24,25,26,25,24,27,28,29,30,29,28,31,32,33,34,34,33,35,36,37,38,38,37,39,40,41,42,42,41,43,44,45,46,44,46,47,48,49,50,49,48,51,52,53,54,53,55,54,56,23,20,23,56,57,58,26,25,26,58,59,21,58,22,58,21,59,31,60,61,60,31,28,61,60,24,60,27,24,30,29,62,63,62,29,64,65,32,33,32,65,66,36,67,36,66,37,34,35,67,66,67,35,68,69,40,40,69,41,39,68,38,68,39,69,43,70,42,70,43,71,46,45,72,72,45,73,74,44,47,44,74,75,48,50,74,75,74,50,76,49,51,49,76,77,77,76,55,55,76,54,78,53,52,53,78,79,80,81,82,82,81,83,84,85,86,85,84,87],"type":"triangles","base":0,"count":228}],"meshInstances":[{"node":2,"mesh":0}]}}