{"model":{"version":3,"nodes":[{"name":"RootNode","position":[0,0,0],"rotation":[0,0,0],"scale":[0.01,0.01,0.01],"scaleCompensation":false},{"name":"ring2:pPipe1","position":[0,0,0],"rotation":[0,0,0],"scale":[1,1,1],"scaleCompensation":false},{"name":"polySurface2","position":[0,0,0],"rotation":[0,-0,0],"scale":[1,1,1],"scaleCompensation":false}],"parents":[-1,0,1],"skins":[],"morphs":[],"vertices":[{"position":{"type":"float32","components":3,"data":[1.51498,-0.479211,1.10187,2.35257,-0.47921,2.01329,2.00036,-0.47921,2.00036,1.30843,-0.479211,1.30843,1.30843,0.479211,1.30843,1.51498,-0.479211,1.10187,1.30843,-0.479211,1.30843,1.51498,0.479211,1.10187,1.30843,0.479211,1.30843,2.00036,0.47921,2.00036,1.51498,0.479211,1.10187,2.35257,0.47921,2.01329,2.00036,-0.47921,2.00036,2.35257,0.47921,2.01329,2.00036,0.47921,2.00036,2.35257,-0.47921,2.01329,1.10187,-0.479211,1.51498,1.10187,0.479211,1.51498,1.10187,0.479211,1.51498,2.01329,0.47921,2.35257,2.01329,0.47921,2.35257,2.01329,-0.47921,2.35257,1.10187,-0.479211,1.51498,2.01329,-0.47921,2.35257,1.04695,-0.47921,2.12978,0.555074,-0.479211,1.79809,0.878947,-0.479211,1.66394,0.791467,-0.47921,2.26431,0.555074,-0.479211,1.79809,0.555074,0.479211,1.79809,0.878947,-0.479211,1.66394,0.878947,0.479211,1.66394,1.0471,0.479211,2.1298,0.555074,0.479211,1.79809,0.791393,0.47921,2.26445,0.878947,0.479211,1.66394,1.66394,0.479211,0.878945,1.79809,-0.479211,0.555073,1.66394,-0.479211,0.878945,1.79809,0.479211,0.555073,1.79809,-0.479211,0.555073,2.1298,-0.47921,1.0471,1.66394,-0.479211,0.878945,2.26445,-0.47921,0.791392,2.12978,0.47921,1.04695,1.79809,0.479211,0.555073,1.66394,0.479211,0.878945,2.26431,0.47921,0.791465,0.791393,0.47921,2.26445,1.04695,-0.47921,2.12978,1.0471,0.479211,2.1298,0.791467,-0.47921,2.26431,2.12978,0.47921,1.04695,2.26445,-0.47921,0.791392,2.26431,0.47921,0.791465,2.1298,-0.47921,1.0471,3.25865e-07,-0.479211,1.9085,3.25865e-07,0.479211,1.9085,1.9085,-0.479211,2.39461e-08,1.9085,0.479211,2.39461e-08,3.25865e-07,0.479211,1.9085,1.72517e-06,0.47921,3.70789,1.9085,0.479211,2.39461e-08,3.70789,0.47921,2.44137e-08,1.72517e-06,-0.47921,3.70789,0.791393,0.47921,2.26445,1.72517e-06,0.47921,3.70789,0.791467,-0.47921,2.26431,2.26431,0.47921,0.791465,2.26445,-0.47921,0.791392,3.70789,0.47921,2.44137e-08,3.70789,-0.47921,2.44137e-08,1.72517e-06,-0.47921,3.70789,3.25865e-07,-0.479211,1.9085,1.9085,-0.479211,2.39461e-08,3.70789,-0.47921,2.44137e-08,0.878947,-0.479211,1.66394,1.66394,-0.479211,0.878945,1.51498,-0.479211,1.10187,2.01329,0.47921,2.35257,1.10187,0.479211,1.51498,1.51498,0.479211,1.10187,2.35257,0.47921,2.01329,1.0471,0.479211,2.1298,2.01329,-0.47921,2.35257,2.01329,0.47921,2.35257,1.04695,-0.47921,2.12978,2.35257,0.47921,2.01329,2.1298,-0.47921,1.0471,2.12978,0.47921,1.04695,2.35257,-0.47921,2.01329,1.10187,-0.479211,1.51498,2.01329,-0.47921,2.35257,2.35257,-0.47921,2.01329,1.51498,-0.479211,1.10187,3.70789,-0.47921,2.44137e-08,1.9085,-0.479211,2.39461e-08,1.9085,0.479211,2.39461e-08,3.70789,0.47921,2.44137e-08,1.72517e-06,-0.47921,3.70789,3.25865e-07,0.479211,1.9085,3.25865e-07,-0.479211,1.9085,1.72517e-06,0.47921,3.70789]},"normal":{"type":"float32","components":3,"data":[1.81231e-07,-1,8.50037e-07,1.81231e-07,-1,8.50037e-07,5.06038e-07,-1,5.25023e-07,5.06039e-07,-1,5.25023e-07,-0.707107,0,-0.707107,-0.770327,0,-0.637649,-0.707107,0,-0.707107,-0.770327,0,-0.637649,3.55554e-07,1,3.83611e-07,3.55554e-07,1,3.83611e-07,1.03778e-07,1,6.00026e-07,1.03778e-07,1,6.00026e-07,0.707106,0,0.707107,-0.0366921,0,0.999327,0.707106,0,0.707107,-0.0366921,0,0.999327,-0.637649,0,-0.770327,-0.637649,0,-0.770327,6.0733e-07,1,1.67195e-07,6.0733e-07,1,1.67195e-07,0.999327,0,-0.0366927,0.999327,0,-0.0366927,8.30847e-07,-1,2.00009e-07,8.30847e-07,-1,2.00009e-07,6.68157e-08,-1,1.41411e-06,6.95878e-07,-1,9.50227e-07,7.57864e-08,-1,1.41552e-06,6.95563e-07,-1,9.41344e-07,-0.268063,0,-0.963401,-0.268063,0,-0.963401,-0.459783,0,-0.888032,-0.459783,0,-0.888032,6.46257e-08,1,8.62713e-07,4.87846e-07,1,6.56142e-07,4.91714e-07,1,6.50556e-07,6.71166e-08,1,8.64777e-07,-0.888032,0,-0.459782,-0.963402,0,-0.268062,-0.888032,0,-0.459782,-0.963402,0,-0.268062,9.64218e-07,-1,7.14757e-07,1.52754e-06,-1,-2.47423e-08,1.52747e-06,-1,-1.28317e-08,9.5541e-07,-1,7.12993e-07,1.0349e-06,1,7.74301e-08,6.6013e-07,1,5.08922e-07,1.03605e-06,1,8.52485e-08,6.52944e-07,1,5.06814e-07,0.465923,-8.84124e-05,0.884825,0.465923,-8.84124e-05,0.884825,0.465923,-8.84124e-05,0.884825,0.465923,-8.84124e-05,0.884825,0.884826,8.83991e-05,0.465921,0.884826,8.83991e-05,0.465921,0.884826,8.83991e-05,0.465921,0.884826,8.83991e-05,0.465921,-0.195091,0,-0.980785,-0.195091,0,-0.980785,-0.980786,0,-0.195089,-0.980786,0,-0.195089,5.2559e-07,1,6.01636e-07,5.2559e-07,1,6.01636e-07,5.89713e-07,1,4.88266e-07,5.89713e-07,1,4.88266e-07,0.876856,-2.38646e-08,0.480753,0.876856,-2.38646e-08,0.480753,0.876856,-2.38646e-08,0.480753,0.876856,-2.38646e-08,0.480753,0.480752,4.53331e-07,0.876856,0.480752,4.53331e-07,0.876856,0.480752,4.53331e-07,0.876856,0.480752,4.53331e-07,0.876856,6.92785e-07,-1,8.63184e-07,6.92785e-07,-1,8.63184e-07,8.78272e-07,-1,6.97549e-07,8.78272e-07,-1,6.97549e-07,-0.459783,0,-0.888032,-0.888032,0,-0.459782,-0.770327,0,-0.637649,1.97177e-09,1,8.10805e-07,1.97177e-09,1,8.10805e-07,1.00568e-06,1,-1.21606e-07,1.00568e-06,1,-1.21606e-07,-0.224661,9.43886e-06,0.974437,-0.224661,9.43886e-06,0.974437,-0.224661,9.43886e-06,0.974437,-0.224661,9.43886e-06,0.974437,0.974437,-9.89739e-06,-0.224663,0.974437,-9.89739e-06,-0.224663,0.974437,-9.89739e-06,-0.224663,0.974437,-9.89739e-06,-0.224663,-1.61551e-07,-1,1.37821e-06,-1.61551e-07,-1,1.37821e-06,1.5293e-06,-1,-3.24322e-07,1.5293e-06,-1,-3.24322e-07,2.59877e-10,0,-1,2.59877e-10,0,-1,2.59877e-10,0,-1,2.59877e-10,0,-1,-1,0,7.77659e-07,-1,0,7.77659e-07,-1,0,7.77659e-07,-1,0,7.77659e-07]},"texCoord0":{"type":"float32","components":2,"data":[0.899998,3.17973e-09,0.887499,0.25,0.875,0.25,0.875,1.58987e-09,0.875,0.75,0.875,1,0.862501,1,0.899997,0.75,0.875,0.75,0.875,0.5,0.899997,0.75,0.887499,0.5,0.875,0.25,0.887499,0.5,0.875,0.5,0.887499,0.25,0.850002,1,0.850003,0.75,0.850003,0.75,0.862501,0.5,0.862501,0.5,0.862501,0.25,0.850003,0,0.862501,0.25,0.8209,0.25,0.7975,0,0.8275,0,0.806563,0.25,0.7975,1,0.7975,0.75,0.8125,1,0.8275,0.75,0.820907,0.5,0.7975,0.75,0.806558,0.5,0.8275,0.75,0.9225,0.75,0.9525,1,0.9375,1,0.9525,0.75,0.9525,5.63285e-09,0.929093,0.25,0.922501,2.69401e-09,0.943443,0.25,0.9291,0.5,0.9525,0.75,0.9225,0.75,0.943437,0.5,0.806558,0.5,0.8209,0.25,0.820907,0.5,0.806563,0.25,0.9291,0.5,0.943443,0.25,0.943437,0.5,0.929093,0.25,0.75,0.5,0.75,0.75,1,0.5,1,0.75,0.75,0.75,0.75,0.5,1,0.75,1,0.5,0.75,0.25,0.806558,0.5,0.75,0.5,0.806563,0.25,0.943437,0.5,0.943443,0.25,1,0.5,1,0.25,0.75,0.25,0.75,0.5,1,0.5,1,0.25,0.827499,1,0.9225,1,0.899997,1,0.862501,0.5,0.850003,0.75,0.899997,0.75,0.887499,0.5,0.820907,0.5,0.862501,0.25,0.862501,0.5,0.8209,0.25,0.887499,0.5,0.929093,0.25,0.9291,0.5,0.887499,0.25,0.850003,0,0.862501,0.25,0.887499,0.25,0.899998,3.17973e-09,1,0.25,1,0.5,1,0.75,1,0.5,0.75,0.25,0.75,0.75,0.75,0.5,0.75,0.5]}}],"meshes":[{"aabb":{"min":[3.25865e-07,-0.479211,2.39461e-08],"max":[3.70789,0.479211,3.70789]},"vertices":0,"indices":[0,1,2,0,2,3,4,5,6,5,4,7,8,9,10,11,10,9,12,13,14,13,12,15,16,17,4,16,4,6,18,9,8,18,19,9,20,21,12,20,12,14,2,22,3,23,22,2,24,25,26,25,24,27,28,29,30,30,29,31,32,33,34,33,32,35,36,37,38,37,36,39,40,41,42,41,40,43,44,45,46,45,44,47,48,49,50,49,48,51,52,53,54,53,52,55,56,57,28,28,57,29,39,58,37,58,39,59,60,34,33,34,60,61,47,62,45,63,62,47,64,65,66,65,64,67,68,69,70,70,69,71,72,73,27,27,73,25,74,43,40,43,74,75,31,16,76,16,31,17,7,77,78,77,7,36,79,80,32,80,35,32,81,44,46,44,81,82,83,84,85,84,83,86,87,88,89,88,87,90,24,91,92,91,24,26,41,93,94,41,94,42,95,96,97,95,97,98,99,100,101,100,99,102],"type":"triangles","base":0,"count":204}],"meshInstances":[{"node":2,"mesh":0}]}}